t,U,j
0.0,-0.19630948845467855,0.05219495137852391
0.020054916834357783,-0.19530674261296066,0.058947215105802114
0.04010983366871557,-0.19430399677124277,0.06342361358587369
0.06016475050308223,-0.19330125092952444,0.06693098141233123
0.08021966733744001,-0.19229850508780655,0.06994467681884543
0.1002745841717978,-0.19129575924608866,0.07272368011609161
0.12032950100616446,-0.19029301340437033,0.07545320322492216
0.14038441784052225,-0.18929026756265244,0.07830184547849285
0.16043933467488003,-0.18828752172093455,0.08146710352288665
0.1804942515092467,-0.18728477587921621,0.0852438572702863
0.20054916834360448,-0.18628203003749833,0.0899544084823242
0.22060408517796226,-0.18527928419578044,0.09486347633488777
0.24065900201232449,-0.18427653835406232,0.09983338211790851
0.2607139188466867,-0.1832737925123442,0.10488011453112904
0.2807688356810445,-0.18227104667062632,0.11001987683335301
0.3008237525154067,-0.1812683008289082,0.11527071614374108
0.32087866934976894,-0.1802655549871901,0.12065225711063023
0.3409335861841267,-0.1792628091454722,0.1261858396053208
0.36098850301848895,-0.1782600633037541,0.13189590287844113
0.3810434198528512,-0.177257317462036,0.1378100272984284
0.40109833668720896,-0.1762545716203181,0.14395995069074843
0.4211532535215712,-0.1752518257786,0.15052188693215157
0.4412081703559334,-0.17424907993688188,0.15762668143823474
0.4612630871902912,-0.173246334095164,0.16516388323279899
0.4813180040246534,-0.17224358825344588,0.1729713056916421
0.5013729208590112,-0.171240842411728,0.1808483907117193
0.5214278376933734,-0.17023809657000988,0.18858509546452523
0.5414827545277356,-0.16923535072829177,0.19599142456346955
0.5615376713620934,-0.16823260488657388,0.20292240824512192
0.5815925881964557,-0.16722985904485577,0.2094898603890806
0.6016475050308179,-0.16622711320313766,0.21598368225822925
0.6217024218651757,-0.16522436736141977,0.22237377607385952
0.6417573386995379,-0.16422162151970165,0.22862687516219693
0.6618122555339001,-0.16321887567798354,0.23471419483027375
0.6818671723682579,-0.16221612983626565,0.24060935671177733
0.7019220892026157,-0.16121338399454777,0.24629149083530594
0.7219770060369823,-0.16021063815282943,0.25174236323069865
0.7420319228713401,-0.15920789231111154,0.2569480604068849
0.7620868397056979,-0.15820514646939365,0.26189826196735566
0.7821417565400646,-0.15720240062767532,0.2667019538887234
0.8021966733744224,-0.15619965478595743,0.2714638081477369
0.8222515902087801,-0.15519690894423954,0.2761462316779034
0.8423065070431424,-0.15419416310252143,0.28071347388177403
0.8623614238775046,-0.15319141726080332,0.28513323113354544
0.8824163407118624,-0.15218867141908543,0.2893758237125712
0.9024712575462246,-0.15118592557736732,0.29341497464987926
0.9225261743805868,-0.1501831797356492,0.29722735589222793
0.9425810912149446,-0.14918043389393132,0.3007934804273668
0.9626360080493024,-0.14817768805221343,0.3040965489562041
0.982690924883669,-0.1471749422104951,0.3071231985983991
1.0027458417180268,-0.1461721963687772,0.30986231639835754
1.0228007585523846,-0.14516945052705932,0.31230565746021965
1.0428556753867513,-0.14416670468534099,0.3144481708666922
1.062910592221109,-0.1431639588436231,0.31630859117932686
1.0829655090554668,-0.1421612130019052,0.31790873931574654
1.1030204258898335,-0.14115846716018687,0.3192671498669279
1.1230753427241913,-0.14015572131846898,0.3203990954524329
1.143130259558549,-0.1391529754767511,0.3213180245041735
1.1631851763929113,-0.13815022963503298,0.3220345639684456
1.1832400932272735,-0.13714748379331487,0.3225581756085217
1.2032950100616313,-0.13614473795159698,0.3228961838200894
1.2233499268959935,-0.13514199210987887,0.3230560251891393
1.2434048437303558,-0.13413924626816076,0.32304083177724807
1.2634597605647135,-0.13313650042644287,0.3228232782339478
1.2835146773990758,-0.13213375458472476,0.322396302825382
1.303569594233438,-0.13113100874300665,0.32177134307698907
1.3236245110677958,-0.13012826290128876,0.3209632021567927
1.343679427902158,-0.12912551705957065,0.3199847845199747
1.3637343447365202,-0.12812277121785254,0.31884924211234195
1.383789261570878,-0.12712002537613465,0.31757017000647464
1.4038441784052402,-0.12611727953441654,0.31616091731480994
1.423899095239598,-0.12511453369269865,0.31463504415505666
1.4439540120739602,-0.12411178785098054,0.31300620431270093
1.4640089289083225,-0.12310904200926243,0.3112886786143645
1.4840638457426802,-0.12210629616754454,0.3094963195614309
1.5041187625770425,-0.12110355032582643,0.3076434129510608
1.5241736794114047,-0.12010080448410831,0.3056302745099401
1.5442285962457625,-0.11909805864239043,0.30339600509556475
1.5642835130801247,-0.11809531280067231,0.30096766648931406
1.584338429914487,-0.1170925669589542,0.2983755052939887
1.6043933467488447,-0.11608982111723631,0.29565292364459766
1.6244482635832025,-0.11508707527551842,0.292835501465147
1.6445031804175692,-0.11408432943380009,0.2899603946265165
1.664558097251927,-0.1130815835920822,0.28706631725755644
1.6846130140862847,-0.11207883775036431,0.2841921532491824
1.7046679309206514,-0.11107609190864598,0.28137636057748294
1.7247228477550092,-0.11007334606692809,0.2786560378284389
1.744777764589367,-0.1090706002252102,0.27606667323778766
1.7648326814237336,-0.10806785438349187,0.27361182726158406
1.7848875982580914,-0.10706510854177398,0.27124782379901946
1.8049425150924492,-0.10606236270005609,0.26894554805596044
1.8249974319268114,-0.10505961685833798,0.266677144351313
1.8450523487611736,-0.10405687101661987,0.2644150886990724
1.8651072655955314,-0.10305412517490198,0.2621323549834483
1.8851621824298936,-0.10205137933318387,0.25980127729049857
1.9052170992642559,-0.10104863349146576,0.25739339049277987
1.9252720160986136,-0.10004588764974787,0.2548790307281638
1.9453269329329759,-0.09904314180802976,0.25222689573883145
1.965381849767338,-0.09804039596631164,0.2494261639994943
1.9854367666016959,-0.09703765012459376,0.2464987384388769
2.005491683436058,-0.09603490428287564,0.2434648240460024
2.0255466002704203,-0.09503215844115753,0.24034616824430033
2.045601517104778,-0.09402941259943964,0.23716599078264608
2.0656564339391403,-0.09302666675772153,0.23394781346961055
2.085711350773498,-0.09202392091600364,0.23071618949395542
2.1057662676078603,-0.09102117507428553,0.22749569844119152
2.1258211844422226,-0.09001842923256742,0.22431093400839927
2.1458761012765803,-0.08901568339084953,0.22118544654704012
2.1659310181109426,-0.08801293754913142,0.218142699095265
2.1859859349453004,-0.08701019170741353,0.21520421565569678
2.2060408517796626,-0.08600744586569542,0.21236106627581194
2.226095768614025,-0.08500470002397731,0.209573693441414
2.2461506854483826,-0.08400195418225942,0.2068345317156536
2.266205602282745,-0.08299920834054131,0.20413683630486731
2.2862605191171026,-0.08199646249882342,0.20147374800111265
2.306315435951465,-0.08099371665710531,0.19883866197687666
2.326370352785827,-0.0799909708153872,0.19622502621111154
2.346425269620185,-0.07898822497366931,0.1936264820101519
2.366480186454547,-0.0779854791319512,0.1910367042641792
2.3865351032889093,-0.07698273329023309,0.18844924648914457
2.406590020123267,-0.0759799874485152,0.1858575828217795
2.4266449369576293,-0.07497724160679708,0.18325581041008945
2.4466998537919915,-0.07397449576507897,0.18063721242167505
2.4667547706263493,-0.07297174992336108,0.17799368890648568
2.4868096874607115,-0.07196900408164297,0.17532506243111584
2.5068646042950737,-0.07096625823992486,0.17264101628491063
2.5269195211294315,-0.06996351239820697,0.16995095197122737
2.5469744379637893,-0.06896076655648908,0.16726509310493384
2.567029354798156,-0.06795802071477075,0.16459286422992137
2.5870842716325138,-0.06695527487305286,0.16194388013020217
2.6071391884668715,-0.06595252903133497,0.15932789476978543
2.627194105301238,-0.06494978318961664,0.1567544560876263
2.647249022135596,-0.06394703734789875,0.1542321738782448
2.6673039389699538,-0.06294429150618086,0.15177054969745996
2.6873588558043204,-0.06194154566446253,0.14937712842007386
2.707413772638678,-0.06093879982274464,0.14703046095718036
2.727468689473036,-0.05993605398102675,0.14471748015572303
2.7475236063073982,-0.05893330813930864,0.14244066186405463
2.7675785231417604,-0.05793056229759053,0.14020238712627817
2.7876334399761182,-0.05692781645587264,0.13800476711591728
2.8076883568104805,-0.055925070614154526,0.13585040131953066
2.8277432736448427,-0.054922324772436415,0.13374095127953525
2.8477981904792005,-0.053919578930718526,0.13167922415758995
2.8678531073135627,-0.052916833089000415,0.12966687124710005
2.887908024147925,-0.0519140872472823,0.12770615152643358
2.9079629409822827,-0.050911341405564414,0.12579912453583575
2.928017857816645,-0.0499085955638463,0.12394262583216914
2.9480727746510027,-0.048905849722128414,0.12210469093423398
2.968127691485365,-0.0479031038804103,0.12028078402325719
2.988182608319727,-0.04690035803869219,0.118472841079722
3.008237525154085,-0.0458976121969743,0.11668284866594376
3.028292441988447,-0.04489486635525619,0.11491280771557513
3.0483473588228094,-0.04389212051353808,0.1131643371845371
3.068402275657167,-0.04288937467182019,0.11143970457253773
3.0884571924915294,-0.04188662883010208,0.1097406293640438
3.1085121093258916,-0.04088388298838397,0.10806900974035216
3.1285670261602494,-0.03988113714666608,0.10642669280300197
3.1486219429946116,-0.03887839130494797,0.10481562256812822
3.168676859828974,-0.03787564546322986,0.10323758621997513
3.1887317766633316,-0.03687289962151197,0.10169424813784644
3.2087866934976894,-0.03587015377979408,0.10018761658967151
3.228841610332056,-0.034867407938075745,0.09871940328279834
3.248896527166414,-0.033864662096357856,0.09729133968519137
3.2689514440007716,-0.03286191625463997,0.09590495688958527
3.2890063608351383,-0.031859170412921634,0.09456218581066196
3.309061277669496,-0.030856424571203744,0.09326472521546521
3.329116194503854,-0.029853678729485855,0.09201428318489889
3.3491711113382205,-0.028850932887767522,0.0908122910105385
3.3692260281725783,-0.027848187046049633,0.0896591292718108
3.389280945006936,-0.026845441204331744,0.08854418206500896
3.4093358618412983,-0.025842695362613632,0.08746395634686678
3.4293907786756606,-0.02483994952089552,0.08641725183858398
3.4494456955100183,-0.023837203679177632,0.08540287812357064
3.4695006123443806,-0.02283445783745952,0.08441946901381471
3.489555529178743,-0.02183171199574141,0.08346591115417595
3.5096104460131006,-0.02082896615402352,0.08254110612579779
3.529665362847463,-0.01982622031230541,0.08164391005719153
3.549720279681825,-0.018823474470587298,0.08077318141807383
3.569775196516183,-0.01782072862886941,0.07992763322262135
3.589830113350545,-0.016817982787151298,0.07910626488264826
3.6098850301849073,-0.015815236945433186,0.07830791943971008
3.629939947019265,-0.014812491103715297,0.0775314463239738
3.6499948638536273,-0.013809745261997186,0.07677576923226524
3.670049780687985,-0.012806999420279297,0.07603983539643196
3.6901046975223473,-0.011804253578561186,0.07532241184414261
3.7101596143567095,-0.010801507736843075,0.07462241995925524
3.7302145311910673,-0.009798761895125185,0.07393878579491685
3.7502694480254295,-0.008796016053407074,0.07327043772126217
3.7703243648597917,-0.007793270211688963,0.07261624737798002
3.7903792816941495,-0.006790524369971074,0.07197513966468705
3.8104341985285117,-0.005787778528252963,0.07134605768446135
3.830489115362874,-0.004785032686534851,0.07072794745585725
3.8505440321972317,-0.003782286844816962,0.07011971184354025
3.8705989490315895,-0.002779541003099073,0.06952026371854117
3.890653865865956,-0.0017767951613807398,0.06892855477100966
3.910708782700314,-0.0007740493196628506,0.06834353669296434
3.9307636995346718,0.00022869652205503854,0.06776416157088988
3.9508186163690384,0.0012314423637733718,0.06718929514014917
3.970873533203396,0.002234188205491261,0.06661784735436185
3.990928450037754,0.00323693404720915,0.06604878909509125
4.010983366872121,0.004239679888927483,0.06548109143773445
4.031038283706478,0.0052424257306453725,0.06491371958201853
4.051093200540836,0.006245171572363262,0.06434557112242374
4.071148117375198,0.007247917414081373,0.06377555622316095
4.091203034209561,0.008250663255799484,0.06320259586608018
4.1112579510439184,0.009253409097517373,0.0626256095447593
4.131312867878281,0.010256154939235484,0.06204593344755494
4.151367784712643,0.011258900780953596,0.061471102728157805
4.171422701547001,0.012261646622671485,0.060901709813631445
4.191477618381363,0.013264392464389596,0.06033770642416812
4.211532535215725,0.014267138306107707,0.059779044330416586
4.231587452050083,0.015269884147825596,0.059225675352895454
4.251642368884441,0.016272629989543486,0.058677551361327004
4.271697285718807,0.01727537583126182,0.05813462427401646
4.291752202553165,0.018278121672979708,0.05759684605723578
4.311807119387523,0.019280867514697597,0.05706414868093362
4.331862036221885,0.02028361335641571,0.05653645764599787
4.351916953056247,0.02128635919813382,0.05601372290083418
4.371971869890605,0.02228910503985171,0.05549589358185131
4.392026786724967,0.02329185088156982,0.05498291888804488
4.41208170355933,0.02429459672328793,0.05447474807991057
4.432136620393687,0.02529734256500582,0.053971330478341316
4.45219153722805,0.02630008840672393,0.053472615463572314
4.472246454062412,0.027302834248442043,0.05297855247407597
4.49230137089677,0.028305580090159932,0.05248918027038371
4.512356287731132,0.029308325931878043,0.052004347009903994
4.53241120456549,0.030311071773595932,0.05152398916076208
4.552466121399852,0.031313817615314044,0.05104805415662668
4.572521038234214,0.032316563457032155,0.05057648947175721
4.592575955068572,0.033319309298750044,0.050109242620335406
4.612630871902934,0.034322055140468155,0.04964626115579677
4.632685788737296,0.035324800982186266,0.04918749267015073
4.652740705571654,0.036327546823904155,0.04873288479369421
4.672795622406016,0.03733029266562227,0.04828238602034844
4.6928505392403785,0.03833303850734038,0.047835944660121185
4.712905456074736,0.03933578434905827,0.047393508231309625
4.7329603729090985,0.04033853019077638,0.04695502429506178
4.753015289743461,0.04134127603249449,0.046520440454501114
4.7730702065778186,0.04234402187421238,0.04608970435382844
4.793125123412176,0.04334676771593027,0.04566276367745786
4.813180040246543,0.0443495135576486,0.04523956614912549
4.833234957080901,0.04535225939936649,0.04482007317132229
4.853289873915259,0.04635500524108438,0.04440429320922249
4.873344790749625,0.04735775108280271,0.043992081700307606
4.893399707583983,0.0483604969245206,0.043583389196269307
4.913454624418341,0.04936324276623849,0.043178166278555634
4.933509541252703,0.0503659886079566,0.04277636355777531
4.953564458087065,0.05136873444967471,0.042377931673049714
4.973619374921423,0.0523714802913926,0.041982821291410344
4.993674291755781,0.05337422613311049,0.041590983107168994
5.0137292085901475,0.054376971974828825,0.041202367821329064
5.033784125424505,0.055379717816546714,0.040816923749539456
5.053839042258863,0.0563824636582646,0.040434594552959884
5.07389395909323,0.057385209499982937,0.04005532338152307
5.0939488759275875,0.058387955341700826,0.03967905341065489
5.114003792761945,0.059390701183418715,0.039305727840578585
5.134058709596312,0.06039344702513705,0.03893528989559627
5.15411362643067,0.06139619286685494,0.03856768282336589
5.1741685432650275,0.062398938708572826,0.03820284989422589
5.19422346009939,0.06340168455029094,0.03784077568647263
5.214278376933752,0.06440443039200905,0.03748146545501413
5.23433329376811,0.06540717623372694,0.03712480363231407
5.254388210602472,0.06640992207544505,0.03677073388340432
5.274443127436834,0.06741266791716316,0.03641919988347127
5.294498044271192,0.06841541375888105,0.03607014531763298
5.314552961105554,0.06941815960059916,0.03572351388069819
5.334607877939916,0.07042090544231727,0.03537924927694576
5.354662794774274,0.07142365128403516,0.03503729521986543
5.374717711608636,0.07242639712575327,0.03469760033121247
5.394772628442999,0.07342914296747138,0.03436012624450086
5.414827545277356,0.07443188880918927,0.03402482173193903
5.434882462111719,0.07543463465090738,0.033691635814545866
5.454937378946076,0.07643738049262527,0.033360517515591256
5.474992295780439,0.07744012633434338,0.03303141586059837
5.495047212614801,0.0784428721760615,0.032704279877327734
5.515102129449159,0.07944561801777938,0.03237905859578632
5.535157046283521,0.0804483638594975,0.032055701048227546
5.555211963117883,0.08145110970121561,0.03173477031947868
5.575266879952241,0.0824538555429335,0.03141887398288873
5.595321796786603,0.08345660138465161,0.03110825916400245
5.615376713620965,0.08445934722636972,0.030802864757160934
5.635431630455323,0.08546209306808761,0.030502629717443597
5.655486547289681,0.0864648389098055,0.030207493059365334
5.675541464124048,0.08746758475152383,0.029917378735058266
5.695596380958405,0.08847033059324172,0.029632117872765776
5.715651297792763,0.08947307643495961,0.029351743326383257
5.73570621462713,0.09047582227667794,0.02907616808820876
5.755761131461488,0.09147856811839583,0.028805305188136572
5.775816048295845,0.09248131396011372,0.028539067692720438
5.795870965130212,0.09348405980183205,0.02827736870422541
5.81592588196457,0.09448680564354994,0.028020216530801462
5.835980798798928,0.09548955148526783,0.027767493885983187
5.856035715633294,0.09649229732698617,0.027519083109705206
5.876090632467652,0.09749504316870405,0.027274917000925145
5.89614554930201,0.09849778901042194,0.027034928406806102
5.916200466136372,0.09950053485214005,0.026799050221268318
5.936255382970734,0.10050328069385817,0.02656724046681802
5.956310299805092,0.10150602653557605,0.0263394931372477
5.976365216639454,0.10250877237729417,0.02611561505686268
5.9964201334738165,0.10351151821901228,0.02589553891898959
6.016475050308174,0.10451426406073017,0.025679197477143135
6.0365299671425365,0.10551700990244828,0.025466523542875166
6.056584883976899,0.10651975574416639,0.02525744998356231
6.0766398008112565,0.10752250158588428,0.025051920321043326
6.096694717645619,0.10852524742760239,0.024849886343733942
6.1167496344799765,0.10952799326932028,0.02465126292925106
6.136804551314339,0.11053073911103839,0.02445596314772729
6.156859468148701,0.1115334849527565,0.02426390012204365
6.176914384983059,0.11253623079447439,0.024074987025044264
6.196969301817421,0.1135389766361925,0.023889139575906028
6.217024218651783,0.11454172247791061,0.023706307729032688
6.237079135486141,0.1155444683196285,0.023526426564149005
6.257134052320503,0.11654721416134661,0.02334942296786494
6.2771889691548655,0.11754996000306472,0.023175223844189078
6.297243885989223,0.11855270584478261,0.02300375611371919
6.3172988028235855,0.11955545168650072,0.022834946712885086
6.337353719657948,0.12055819752821884,0.022668723467436393
6.3574086364923055,0.12156094336993672,0.022505018634578846
6.377463553326663,0.12256368921165461,0.022343765612272363
6.39751847016103,0.12356643505337295,0.022184897807408108
6.417573386995388,0.12456918089509084,0.022028348650519548
6.4376283038297455,0.12557192673680873,0.021874051594350023
6.457683220664112,0.12657467257852706,0.02172189398013188
6.47773813749847,0.12757741842024495,0.021571726490503807
6.497793054332828,0.12858016426196284,0.02142356105309773
6.517847971167194,0.12958291010368117,0.021277324538061748
6.537902888001552,0.13058565594539906,0.021132943832983527
6.55795780483591,0.13158840178711695,0.020990345841303226
6.578012721670272,0.13259114762883506,0.020849457480755975
6.598067638504634,0.13359389347055317,0.02071041048750885
6.618122555338992,0.13459663931227106,0.02057351799996468
6.638177472173354,0.13559938515398917,0.020438769560360014
6.658232389007717,0.13660213099570728,0.02030614869453757
6.678287305842074,0.13760487683742517,0.020175638929110846
6.698342222676437,0.13860762267914328,0.020047223791450505
6.718397139510799,0.1396103685208614,0.01992088680969573
6.738452056345157,0.14061311436257928,0.01979661151273831
6.758506973179519,0.1416158602042974,0.019674381430243103
6.778561890013877,0.14261860604601528,0.019554180092634398
6.798616806848239,0.1436213518877334,0.019435972864821453
6.818671723682601,0.1446240977294515,0.01931971768211497
6.838726640516959,0.1456268435711694,0.019205471484463034
6.858781557351321,0.1466295894128875,0.019093216352241597
6.878836474185683,0.14763233525460562,0.018982934364514675
6.898891391020041,0.1486350810963235,0.018874607599075263
6.918946307854403,0.14963782693804162,0.01876821813247716
6.939001224688766,0.15064057277975973,0.018663748040098654
6.959056141523123,0.15164331862147762,0.018561179396158423
6.979111058357486,0.15264606446319573,0.018460494273790574
6.999165975191848,0.15364881030491384,0.018361674745060556
7.019220892026206,0.15465155614663173,0.0182647535633555
7.039275808860563,0.15565430198834962,0.018169699257864522
7.05933072569493,0.15665704783006795,0.018076466006937155
7.079385642529288,0.15765979367178584,0.01798504182262832
7.099440559363646,0.15866253951350373,0.017895414719073414
7.119495476198012,0.15966528535522206,0.017807572712440562
7.13955039303237,0.16066803119693995,0.017721503820930594
7.159605309866728,0.16167077703865784,0.0176371960647316
7.1796602267010945,0.16267352288037618,0.017554637465984797
7.199715143535452,0.16367626872209406,0.017473816048773187
7.21977006036981,0.16467901456381195,0.017394719839071513
7.239824977204172,0.16568176040553007,0.017317194793540693
7.2598798940385345,0.16668450624724818,0.017241403931218428
7.279934810872892,0.16768725208896607,0.017167329347655597
7.2999897277072545,0.16868999793068418,0.017094948660314913
7.320044644541617,0.1696927437724023,0.017024239485447196
7.3400995613759745,0.17069548961412018,0.016955179438159575
7.360154478210337,0.1716982354558383,0.01688774613247915
7.380209395044699,0.1727009812975564,0.01682191718138711
7.400264311879057,0.1737037271392743,0.016757670196891467
7.420319228713419,0.1747064729809924,0.016694982790065753
7.440374145547781,0.1757092188227105,0.016633916253374535
7.460429062382139,0.1767119646644284,0.016574487434745606
7.480483979216501,0.1777147105061465,0.016516515711596184
7.500538896050859,0.1787174563478644,0.01645999954513627
7.520593812885221,0.1797202021895825,0.01640493739942258
7.540648729719583,0.18072294803130062,0.016351327741369916
7.560703646553941,0.1817256938730185,0.016299169040732978
7.5807585633883035,0.18272843971473662,0.016248459770088174
7.600813480222666,0.18373118555645473,0.01619919840485636
7.6208683970570235,0.18473393139817262,0.01615138342325963
7.640923313891386,0.18573667723989074,0.01610501330634179
7.660978230725748,0.18673942308160885,0.01605990007132732
7.681033147560106,0.18774216892332674,0.016016137320193594
7.7010880643944635,0.18874491476504462,0.015973786322113027
7.721142981228826,0.18974766060676274,0.015932838105948123
7.741197898063188,0.19075040644848085,0.015893283702030202
7.761252814897546,0.19175315229019874,0.015855114142120784
7.781307731731908,0.19275589813191685,0.015818320459402457
7.80136264856627,0.19375864397363496,0.01578289368845617
7.821417565400628,0.19476138981535285,0.015748824865233928
7.84147248223499,0.19576413565707096,0.01571610502704516
7.861527399069352,0.19676688149878907,0.01568469376436269
7.88158231590371,0.19776962734050696,0.015654269487263263
7.901637232738068,0.19877237318222485,0.015625097281758826
7.921692149572435,0.19977511902394318,0.015597162243420826
7.941747066406792,0.20077786486566107,0.015570449466436003
7.96180198324115,0.20178061070737896,0.01554494404364732
7.981856900075517,0.2027833565490973,0.015520631066585792
8.001911816909875,0.20378610239081518,0.015497495625506872
8.021966733744232,0.20478884823253307,0.015475522809429095
8.042021650578599,0.2057915940742514,0.015454697706170464
8.062076567412957,0.2067943399159693,0.015435005402378011
8.082131484247315,0.20779708575768718,0.015416414309233914
8.102186401081676,0.2087998315994053,0.015398804895773992
8.122241317916039,0.2098025774411234,0.0153821686672336
8.142296234750397,0.2108053232828413,0.015366520554114232
8.162351151584755,0.21180806912455918,0.01535187548612612
8.182406068419121,0.21281081496627752,0.015338248392176866
8.202460985253479,0.2138135608079954,0.015325654200312329
8.222515902087837,0.2148163066497133,0.015314107837696156
8.242570818922204,0.21581905249143163,0.015303624230566583
8.262625735756561,0.21682179833314952,0.015294218304193237
8.28268065259092,0.2178245441748674,0.015285904982863486
8.302735569425286,0.21882729001658574,0.015276431194595262
8.322790486259644,0.21983003585830363,0.015272428146236052
8.342845403094001,0.22083278170002152,0.015273779115573234
8.362900319928363,0.22183552754173963,0.015279452489867253
8.382955236762726,0.22283827338345774,0.015288416656383107
8.403010153597084,0.22384101922517563,0.015299640002378965
8.423065070431445,0.22484376506689374,0.015312090915117552
8.443119987265808,0.22584651090861185,0.015327835503021562
8.463174904100166,0.22684925675032974,0.015346829504285325
8.483229820934527,0.22785200259204785,0.01536853704674286
8.50328473776889,0.22885474843376596,0.015392854946271656
8.523339654603248,0.22985749427548385,0.01541968000054112
8.54339457143761,0.23086024011720196,0.015448908990745167
8.563449488271972,0.23186298595892008,0.015480438683332523
8.58350440510633,0.23286573180063797,0.015514379861222097
8.603559321940692,0.23386847764235608,0.015551042716554093
8.62361423877505,0.23487122348407397,0.015590238201627927
8.643669155609413,0.23587396932579208,0.015631759981095002
8.663724072443774,0.2368767151675102,0.01567540171962264
8.683778989278132,0.23787946100922808,0.015720957081871347
8.703833906112495,0.2388822068509462,0.015768219732497073
8.723888822946856,0.2398849526926643,0.015817191521259703
8.743943739781214,0.2408876985343822,0.015868184424034554
8.763998656615577,0.2418904443761003,0.015921044960973633
8.784053573449938,0.2428931902178184,0.01597559774704223
8.804108490284296,0.2438959360595363,0.01603166739719882
8.824163407118654,0.2448986819012542,0.01608907852640414
8.84421832395302,0.24590142774297252,0.01614765574962121
8.864273240787378,0.2469041735846904,0.016207642912045232
8.884328157621736,0.2479069194264083,0.016268852944178888
8.904383074456103,0.24890966526812663,0.016331150878033895
8.92443799129046,0.24991241110984452,0.0163945366745952
8.944492908124818,0.2509151569515624,0.016459010291202957
8.964547824959185,0.25191790279328075,0.01652457168155479
8.984602741793543,0.25292064863499863,0.01659122079570807
9.0046576586279,0.2539233944767165,0.016658780234909045
9.024712575462264,0.25492614031843464,0.016726735273073248
9.044767492296625,0.25592888616015275,0.016795053157652548
9.064822409130983,0.25693163200187064,0.016863733835866698
9.084877325965346,0.25793437784358875,0.01693277725373491
9.104932242799707,0.25893712368530686,0.01700218335605314
9.124987159634065,0.25993986952702475,0.017071952086409964
9.145042076468428,0.26094261536874286,0.017142046225649212
9.16509699330279,0.26194536121046097,0.01721230306823145
9.185151910137147,0.26294810705217886,0.017282622402417475
9.20520682697151,0.26395085289389697,0.01735291137154718
9.225261743805872,0.2649535987356151,0.017423077118962738
9.24531666064023,0.26595634457733297,0.017493026787997225
9.265371577474593,0.2669590904190511,0.017562667521997356
9.28542649430895,0.26796183626076897,0.017631651904216596
9.305481411143312,0.2689645821024871,0.017700265136313648
9.325536327977675,0.2699673279442052,0.017768568932722245
9.345591244812033,0.2709700737859231,0.017836418729289108
9.365646161646394,0.2719728196276412,0.01790366996363673
9.385701078480757,0.2729755654693593,0.01797017807758266
9.405755995315115,0.2739783113110772,0.018035798519554194
9.425810912149476,0.2749810571527953,0.018100214900241555
9.44586582898384,0.2759838029945134,0.01816165537611596
9.465920745818197,0.2769865488362313,0.018220009410256352
9.485975662652555,0.2779892946779492,0.018275511798185564
9.506030579486922,0.27899204051966753,0.01832839727249848
9.52608549632128,0.2799947863613854,0.018378900507079833
9.546140413155637,0.2809975322031033,0.01842725612131062
9.566195329990004,0.28200027804482164,0.018473698684274495
9.586250246824362,0.28300302388653953,0.018518462718971024
9.60630516365872,0.2840057697282574,0.018562163101937586
9.626360080493086,0.28500851556997575,0.018604412806191704
9.646414997327444,0.28601126141169364,0.018645394639420373
9.666469914161802,0.28701400725341153,0.01868531545782844
9.686524830996168,0.28801675309512986,0.0187243820874869
9.706579747830526,0.28901949893684775,0.01876280132897364
9.726634664664884,0.29002224477856564,0.018800779961984516
9.746689581499245,0.29102499062028375,0.018838524749974113
9.766744498333608,0.29202773646200186,0.018876388613414292
9.786799415167966,0.29303048230371975,0.018914719761432934
9.806854332002327,0.29403322814543786,0.018953360417801834
9.82690924883669,0.295035973987156,0.01899255039237005
9.846964165671048,0.29603871982887386,0.01903252949301759
9.86701908250541,0.297041465670592,0.01907353753207417
9.887073999339773,0.2980442115123101,0.019115814332762965
9.90712891617413,0.299046957354028,0.019159599735626216
9.927183833008492,0.3000497031957461,0.019205133604962156
9.94723874984285,0.301052449037464,0.01925220892583411
9.967293666677213,0.3020551948791821,0.019301244196174138
9.987348583511574,0.3030579407209002,0.01935264798109756
10.007403500345932,0.3040606865626181,0.01940655544527317
10.027458417180295,0.3050634324043362,0.01946310177823307
10.047513334014656,0.3060661782460543,0.019522422196789648
10.067568250849014,0.3070689240877722,0.019584651947448038
10.087623167683377,0.3080716699294903,0.01964992630884126
10.107678084517739,0.3090744157712084,0.019718380594149494
10.127733001352096,0.3100771616129263,0.019790446474714826
10.147787918186454,0.3110799074546442,0.019866408991324535
10.16784283502082,0.31208265329636253,0.019946439162401932
10.187897751855179,0.3130853991380804,0.020030711091135345
10.207952668689536,0.3140881449797983,0.020119398941774308
10.228007585523903,0.31509089082151664,0.02021267694351309
10.24806250235826,0.31609363666323453,0.02031071939442427
10.268117419192619,0.3170963825049524,0.02041370066535592
10.288172336026985,0.31809912834667076,0.02052179814748797
10.308227252861343,0.31910187418838865,0.02063524448826229
10.3282821696957,0.32010462003010653,0.020754253284915196
10.348337086530067,0.32110736587182487,0.020879021040148018
10.368392003364425,0.32211011171354276,0.02100974430928318
10.388446920198783,0.32311285755526065,0.021146619701164583
10.408501837033146,0.32411560339697876,0.02128984387904211
10.428556753867507,0.32511834923869687,0.021439613561485656
10.448611670701865,0.32612109508041476,0.021596125523265074
10.468666587536228,0.32712384092213287,0.02175958349214625
10.48872150437059,0.328126586763851,0.02193020001512423
10.508776421204947,0.32912933260556887,0.022108170133349175
10.52883133803931,0.330132078447287,0.0222936884017804
10.548886254873672,0.3311348242890051,0.022486949469855518
10.56894117170803,0.332137570130723,0.02268814808416664
10.588996088542393,0.3331403159724411,0.022897479091095647
10.60905100537675,0.334143061814159,0.023115137439476713
10.629105922211112,0.3351458076558771,0.02334131818325659
10.649160839045475,0.3361485534975952,0.02357632448422237
10.669215755879828,0.33715129933931287,0.023820251974352686
10.689270672714194,0.3381540451810312,0.02407330416688865
10.709325589548557,0.3391567910227493,0.02433568519577193
10.72938050638291,0.340159536864467,0.024607599366986505
10.749435423217276,0.3411622827061853,0.02488925116417022
10.76949034005164,0.3421650285479034,0.025180845254180895
10.789545256885992,0.3431677743896211,0.025482586492705652
10.809600173720359,0.3441705202313394,0.025803498662612584
10.829655090554722,0.34517326607305754,0.026249637078276464
10.849710007389074,0.3461760119147752,0.0268614520766414
10.869764924223437,0.3471787577564933,0.027649632098473376
10.889819841057804,0.34818150359821165,0.02862457448185296
10.909874757892156,0.3491842494399293,0.029797133715878773
10.92992967472652,0.35018699528164743,0.03117805596073822
10.949984591560886,0.35118974112336576,0.03277716956942186
10.970039508395239,0.35219248696508343,0.034603822574688366
10.990094425229602,0.35319523280680154,0.03666505304167458
11.010149342063968,0.3541979786485199,0.03896627593083849
11.030204258898321,0.35520072449023754,0.041509183309115086
11.050259175732684,0.35620347033195565,0.04429199107944214
11.070314092567045,0.35720621617367376,0.04684733767239323
11.090369009401403,0.35820896201539165,0.048513127616015485
11.110423926235766,0.35921170785710976,0.04946343564700101
11.130478843070128,0.3602144536988279,0.049862064981857655
11.150533759904485,0.36121719954054576,0.04985463682409091
11.170588676738848,0.3622199453822639,0.04957591182505212
11.19064359357321,0.363222691223982,0.04914834580208662
11.210698510407568,0.3642254370656999,0.048689411123452826
11.23075342724193,0.365228182907418,0.04831177049220742
11.250808344076292,0.3662309287491361,0.04812737324772798
11.27086326091065,0.367233674590854,0.048243366624276404
11.290918177745013,0.3682364204325721,0.04878133390341418
11.310973094579374,0.3692391662742902,0.0497861728976045
11.331028011413729,0.3702419121160079,0.050899494915781815
11.351082928248095,0.3712446579577262,0.05204792917008717
11.371137845082457,0.3722474037994443,0.05322622441483645
11.39119276191681,0.373250149641162,0.0544295002825902
11.411247678751177,0.3742528954828803,0.055652977951647246
11.431302595585535,0.3752556413245982,0.05689178716676224
11.451357512419893,0.3762583871663161,0.058141171507129455
11.47141242925426,0.37726113300803443,0.059396427791461974
11.491467346088617,0.3782638788497523,0.06065301265406788
11.511522262922975,0.3792666246914702,0.06190622682335288
11.531577179757337,0.3802693705331883,0.06315134201048522
11.5516320965917,0.38127211637490643,0.06438397796475101
11.571687013426057,0.3822748622166243,0.06559962714278982
11.591741930260419,0.38327760805834243,0.06679344265461168
11.611796847094782,0.38428035390006055,0.06796090543816036
11.63185176392914,0.38528309974177843,0.06909756024161652
11.651906680763501,0.38628584558349655,0.0701985562799723
11.671961597597864,0.38728859142521466,0.07125919678593391
11.692016514432222,0.38829133726693255,0.0722747431254038
11.712071431266583,0.38929408310865066,0.07324032499219811
11.732126348100941,0.39029682895036855,0.07415103189538286
11.752181264935304,0.39129957479208666,0.07500196139187437
11.772236181769665,0.39230232063380477,0.07578791614264446
11.792291098604023,0.39330506647552266,0.07650612279354391
11.812346015438386,0.39430781231724077,0.07719653018567897
11.832400932272748,0.3953105581589589,0.07790614408772627
11.852455849107105,0.39631330400067677,0.0786548291094482
11.872510765941469,0.3973160498423949,0.079462441495848
11.89256568277583,0.398318795684113,0.08034883928480213
11.912620599610188,0.3993215415258309,0.08134054884129001
11.93267551644455,0.400324287367549,0.08247616425597017
11.952730433278912,0.4013270332092671,0.08382067597151263
11.97278535011327,0.402329779050985,0.08550398014034272
11.992840266947628,0.4033325248927029,0.08775897857562996
12.012895183781994,0.4043352707344212,0.09068586814695664
12.032950100616352,0.4053380165761391,0.094373861431352
12.05300501745071,0.406340762417857,0.0987776783994127
12.073059934285077,0.4073435082595753,0.10357202510243042
12.093114851119434,0.4083462541012932,0.10822065923171977
12.113169767953792,0.4093489999430111,0.1123032294552786
12.133224684788159,0.41035174578472944,0.11568289347844939
12.153279601622517,0.4113544916264473,0.1184120194060688
12.173334518456874,0.4123572374681652,0.1207745894659206
12.193389435291238,0.4133599833098833,0.1228956656888363
12.213444352125599,0.41436272915160144,0.12479656765201753
12.233499268959957,0.41536547499331933,0.12649751523032365
12.25355418579432,0.41636822083503744,0.12801789377568867
12.273609102628681,0.41737096667675555,0.12937623538670778
12.293664019463039,0.41837371251847344,0.1305903494500467
12.313718936297402,0.41937645836019155,0.1316774274403133
12.333773853131763,0.42037920420190966,0.1326540786637679
12.353828769966121,0.42138195004362755,0.13353642747846153
12.373883686800484,0.42238469588534566,0.13434037208793598
12.393938603634846,0.4233874417270638,0.1350812459810186
12.413993520469203,0.42439018756878166,0.13577420326641915
12.434048437303566,0.4253929334104998,0.13643414979109822
12.454103354137924,0.42639567925221766,0.13707559666183217
12.474158270972286,0.4273984250939358,0.13771327304627448
12.494213187806649,0.4284011709356539,0.13836165172129314
12.514268104641006,0.4294039167773718,0.13903536560088242
12.534323021475368,0.4304066626190899,0.13974886289820235
12.554377938309731,0.431409408460808,0.14051668589142993
12.574432855144089,0.4324121543025259,0.14135358304926057
12.59448777197845,0.433414900144244,0.14227427642987323
12.614542688812813,0.4344176459859621,0.14329413109644976
12.634597605647171,0.43542039182768,0.14442855657771134
12.654652522481529,0.4364231376693979,0.14569330811830924
12.674707439315895,0.4374258835111162,0.14710442370935653
12.694762356150248,0.4384286293528339,0.14867849968578184
12.714817272984611,0.439431375194552,0.15043272327276327
12.734872189818978,0.44043412103627033,0.1524047075571457
12.75492710665333,0.441436866877988,0.15462064152921356
12.774982023487693,0.4424396127197061,0.15708253938014877
12.79503694032206,0.44344235856142444,0.15979956224564376
12.815091857156412,0.4444451044031421,0.1627871155733328
12.835146773990775,0.4454478502448602,0.16606956931802416
12.855201690825137,0.44645059608657833,0.16968250445522925
12.875256607659495,0.4474533419282962,0.17367880440846875
12.895311524493861,0.44845608777001456,0.17811990202525976
12.915366441328219,0.44945883361173244,0.18294026882687603
12.935421358162577,0.45046157945345033,0.18813605214952303
12.955476274996943,0.45146432529516867,0.1937315171710907
12.975531191831301,0.45246707113688656,0.19975639366743508
12.995586108665659,0.45346981697860445,0.20624663519918385
13.015641025500017,0.45447256282032233,0.2132474108245674
13.035695942334383,0.45547530866204067,0.2208162184155003
13.055750859168741,0.45647805450375856,0.22902851609311028
13.075805776003099,0.45748080034547645,0.2379855328972212
13.095860692837466,0.4584835461871948,0.24782964226934837
13.115915609671823,0.45948629202891267,0.25877913913348494
13.135970526506181,0.46048903787063056,0.27141373848230615
13.156025443340548,0.4614917837123489,0.28639944588213895
13.176080360174906,0.4624945295540668,0.3045054976570145
13.196135277009263,0.46349727539578467,0.3266458553292091
13.21619019384363,0.464500021237503,0.3532200565203198
13.236245110677988,0.4655027670792209,0.3823660093472722
13.256300027512346,0.4665055129209388,0.4108258531969068
13.276354944346712,0.4675082587626571,0.44411109976198077
13.29640986118107,0.468511004604375,0.48461275528285114
13.316464778015428,0.4695137504460929,0.5297752913013437
13.336519694849795,0.4705164962878112,0.5728689345063436
13.356574611684152,0.4715192421295291,0.6152569768764261
13.37662952851851,0.472521987971247,0.6607401815341336
13.396684445352877,0.47352473381296534,0.7155177024657678
13.416739362187226,0.4745274796546828,0.7874221586195063
13.436794279021592,0.4755302254964011,0.877534116853376
13.456849195855959,0.47653297133811945,0.9724600494416951
13.476904112690308,0.4775357171798369,1.0787645706690183
13.496959029524675,0.4785384630215552,1.1874882525516046
13.517013946359041,0.47954120886327356,1.2923147593364774
13.53706886319339,0.480543954704991,1.4041320846809275
13.557123780027757,0.48154670054670934,1.5289121793242908
13.577178696862124,0.48254944638842767,1.6383033608295592
13.597233613696472,0.4835521922301451,1.756891708268936
13.617288530530839,0.48455493807186345,1.905206275242415
13.637343447365206,0.4855576839135818,2.03580691211037
13.657398364199555,0.48656042975529923,2.1339283076049536
13.677453281033921,0.48756317559701756,2.2815713680129943
13.697508197868288,0.4885659214387359,2.3397711928657965
13.717563114702637,0.48956866728045334,2.372913248640391
13.737618031537004,0.4905714131221717,2.388354226997772
13.75767294837137,0.49157415896389,2.3673859636373438
13.77772786520572,0.49257690480560745,2.33955820810088
13.797782782040086,0.4935796506473258,2.250683593628046
13.817837698874452,0.4945823964890441,2.0624530725435193
13.837892615708801,0.49558514233076156,1.7814845882935355
13.857947532543168,0.4965878881724799,1.5547186988822979
13.878002449377526,0.4975906340141978,1.3094277181725693
13.898057366211884,0.4985933798559157,1.0107918586272104
13.91811228304625,0.499596125697634,0.4946645671997089
13.91811228304625,0.499596125697634,0.4946608478025587
13.938167199880617,0.4985933798559157,0.044838331013691
13.958222116714975,0.4975906340141978,-0.04394854034787159
13.978277033549332,0.4965878881724799,-0.0974731123811398
13.9983319503837,0.49558514233076156,-0.11168895527725453
14.018386867218048,0.4945823964890441,-0.11975563761114472
14.038441784052415,0.4935796506473258,-0.12618760685929373
14.058496700886781,0.49257690480560745,-0.13197983786270698
14.07855161772113,0.49157415896389,-0.1376395131492859
14.098606534555497,0.4905714131221717,-0.1435793838890936
14.118661451389864,0.48956866728045334,-0.15031820030829296
14.138716368224213,0.4885659214387359,-0.15886097376510633
14.15877128505858,0.48756317559701756,-0.17212869205155584
14.178826201892946,0.48656042975529923,-0.19302837285502164
14.198881118727295,0.4855576839135818,-0.22369682012169506
14.218936035561661,0.48455493807186345,-0.25702141410413787
14.238990952396028,0.4835521922301451,-0.2945667902538821
14.259045869230377,0.48254944638842767,-0.3411106941760295
14.279100786064744,0.48154670054670934,-0.4000873630764181
14.29915570289911,0.480543954704991,-0.470504382743643
14.31921061973346,0.47954120886327356,-0.5392251785084795
14.339265536567826,0.4785384630215552,-0.6056782793794446
14.359320453402193,0.4775357171798369,-0.6785791565451155
14.379375370236541,0.47653297133811945,-0.7603128210654154
14.399430287070908,0.4755302254964011,-0.8555669507580888
14.419485203905275,0.4745274796546828,-0.9732798820531093
14.439540120739624,0.47352473381296534,-1.1139741443686284
14.45959503757399,0.472521987971247,-1.257127007494132
14.479649954408348,0.4715192421295291,-1.3791478809868272
14.499704871242706,0.4705164962878112,-1.5491738322524566
14.519759788077073,0.4695137504460929,-1.6577972022148562
14.53981470491143,0.468511004604375,-1.7143261856192453
14.559869621745788,0.4675082587626571,-1.7627135096553412
14.579924538580155,0.4665055129209388,-1.8060953627196294
14.599979455414513,0.4655027670792209,-1.8452464082220468
14.62003437224887,0.464500021237503,-1.825912535184391
14.640089289083237,0.46349727539578467,-1.8082733762207204
14.660144205917595,0.4624945295540668,-1.7887076965724351
14.680199122751953,0.4614917837123489,-1.751160551064147
14.70025403958632,0.46048903787063056,-1.6985089289484767
14.720308956420677,0.45948629202891267,-1.6391030855072655
14.740363873255035,0.4584835461871948,-1.5762472198737896
14.760418790089401,0.45748080034547645,-1.5126640922577599
14.78047370692376,0.45647805450375856,-1.454018698390853
14.800528623758117,0.45547530866204067,-1.405191887632002
14.820583540592484,0.45447256282032233,-1.3588995481500523
14.840638457426842,0.45346981697860445,-1.3105372509762334
14.8606933742612,0.45246707113688656,-1.255895399603105
14.880748291095557,0.45146432529516867,-1.1913847363743821
14.900803207929924,0.45046157945345033,-1.118865348347706
14.920858124764282,0.44945883361173244,-1.0410972765665087
14.94091304159864,0.44845608777001456,-0.9636662952386974
14.960967958433006,0.4474533419282962,-0.8919374151504531
14.981022875267364,0.44645059608657833,-0.824185605029736
15.001077792101727,0.4454478502448602,-0.7495607575751365
15.021132708936088,0.4444451044031421,-0.675980133832445
15.041187625770442,0.44344235856142444,-0.61147934555833
15.061242542604809,0.4424396127197061,-0.5574485214459128
15.08129745943917,0.441436866877988,-0.512052762396438
15.101352376273525,0.44043412103627033,-0.47280213720624487
15.121407293107891,0.439431375194552,-0.43566584154847077
15.141462209942253,0.4384286293528339,-0.40309283149193337
15.161517126776607,0.4374258835111162,-0.375926547421102
15.181572043610974,0.4364231376693979,-0.35328098793153684
15.201626960445331,0.43542039182768,-0.3340988706007124
15.22168187727969,0.4344176459859621,-0.3173508286649826
15.24173679411405,0.433414900144244,-0.3016220614188842
15.261791710948414,0.4324121543025259,-0.28695476171932344
15.281846627782771,0.431409408460808,-0.27346095404255266
15.301901544617133,0.4304066626190899,-0.2611487441377517
15.321956461451496,0.4294039167773718,-0.24996422358335169
15.342011378285854,0.4284011709356539,-0.23982505401836762
15.362066295120215,0.4273984250939358,-0.23063929571690098
15.382121211954578,0.42639567925221766,-0.22231654500906872
15.402176128788936,0.4253929334104998,-0.21477150791828764
15.422231045623297,0.42439018756878166,-0.2080780437481758
15.442285962457655,0.4233874417270638,-0.20257661952182843
15.462340879292018,0.42238469588534566,-0.197979992035539
15.48239579612638,0.42138195004362755,-0.19405365509153855
15.502450712960737,0.42037920420190966,-0.19063238258487444
15.5225056297951,0.41937645836019155,-0.18759213909057734
15.542560546629462,0.41837371251847344,-0.18483645297318163
15.56261546346382,0.41737096667675555,-0.18228565268442481
15.582670380298183,0.41636822083503744,-0.17987308041341749
15.602725297132544,0.41536547499331933,-0.177538605805928
15.622780213966902,0.41436272915160144,-0.17522920059653188
15.642835130801265,0.4133599833098833,-0.17338221196231188
15.662890047635626,0.4123572374681652,-0.17223894824794114
15.682944964469984,0.4113544916264473,-0.1716098607565482
15.702999881304342,0.41035174578472944,-0.17132901683972931
15.723054798138708,0.4093489999430111,-0.17124561117638679
15.743109714973066,0.4083462541012932,-0.17121173885125018
15.763164631807424,0.4073435082595753,-0.1710882280993951
15.78321954864179,0.406340762417857,-0.17071999566665683
15.803274465476148,0.4053380165761391,-0.16993528693768895
15.823329382310506,0.4043352707344212,-0.16853969280636422
15.843384299144873,0.4033325248927029,-0.1662941744176078
15.86343921597923,0.402329779050985,-0.162960933688139
15.883494132813588,0.4013270332092671,-0.1591237238704025
15.903549049647951,0.400324287367549,-0.1550836831132574
15.923603966482313,0.3993215415258309,-0.15092606712046747
15.94365888331667,0.398318795684113,-0.14672295666556692
15.963713800151034,0.3973160498423949,-0.1425374472873409
15.983768716985395,0.39631330400067677,-0.13842682934033293
16.003823633819753,0.3953105581589589,-0.13444557643930694
16.023878550654114,0.39430781231724077,-0.13064665325682198
16.043933467488475,0.39330506647552266,-0.12708379303132006
16.063988384322833,0.39230232063380477,-0.12381265212258313
16.084043301157198,0.39129957479208666,-0.12089284284689938
16.10409821799156,0.39029682895036855,-0.1183065366376627
16.124153134825917,0.38929408310865066,-0.11593302482164518
16.14420805166028,0.38829133726693255,-0.11373921899336438
16.164262968494636,0.38728859142521466,-0.11169562142454652
16.184317885328998,0.38628584558349655,-0.10977591258094663
16.204372802163363,0.38528309974177843,-0.10795448435148046
16.22442771899772,0.38428035390006055,-0.10620775390530753
16.24448263583208,0.38327760805834243,-0.10451269469068165
16.264537552666443,0.3822748622166243,-0.10284712974889772
16.2845924695008,0.38127211637490643,-0.10118894778980575
16.304647386335162,0.3802693705331883,-0.09952612571106101
16.324702303169527,0.3792666246914702,-0.09787065389582494
16.344757220003885,0.3782638788497523,-0.09623627494019729
16.364812136838243,0.37726113300803443,-0.0946367503479496
16.384867053672608,0.3762583871663161,-0.09308532341200816
16.404921970506965,0.3752556413245982,-0.0915950165756999
16.424976887341323,0.3742528954828803,-0.09017942131415112
16.44503180417569,0.373250149641162,-0.08885103748615393
16.465086721010042,0.3722474037994443,-0.08762213064330354
16.485141637844407,0.3712446579577262,-0.08650510443426356
16.505196554678772,0.3702419121160079,-0.08551179771835905
16.525251471513126,0.3692391662742902,-0.08465388677000647
16.545306388347488,0.3682364204325721,-0.08396707215088554
16.56536130518185,0.367233674590854,-0.0834826960406258
16.585416222016207,0.3662309287491361,-0.08317188856149414
16.60547113885057,0.365228182907418,-0.08300577075448246
16.625526055684933,0.3642254370656999,-0.08295489048077116
16.64558097251929,0.363222691223982,-0.08299759849731117
16.665635889353652,0.3622199453822639,-0.0830963348029809
16.685690806188013,0.36121719954054576,-0.0832245700992712
16.70574572302237,0.3602144536988279,-0.08335576838458338
16.725800639856736,0.35921170785710976,-0.08346360050873955
16.745855556691097,0.35820896201539165,-0.08351900054628232
16.765910473525455,0.35720621617367376,-0.08348900660283562
16.785965390359816,0.35620347033195565,-0.08335441994520806
16.806020307194178,0.35520072449023754,-0.08308704469285885
16.826075224028532,0.3541979786485199,-0.0826535363947096
16.8461301408629,0.35319523280680154,-0.0820259192173171
16.866185057697262,0.35219248696508343,-0.08115607660254
16.886239974531616,0.35118974112336576,-0.07999376391783244
16.90629489136598,0.35018699528164743,-0.07858496000428432
16.926349808200342,0.3491842494399293,-0.07698707260310812
16.946404725034697,0.34818150359821165,-0.07525975439075865
16.966459641869065,0.3471787577564933,-0.07346524783917857
16.986514558703426,0.3461760119147752,-0.07166774101463716
17.00656947553778,0.34517326607305754,-0.06993016416040973
17.026624392372142,0.3441705202313394,-0.06831533033216829
17.046679309206507,0.3431677743896211,-0.0668834760844925
17.06673422604086,0.3421650285479034,-0.06569158648251687
17.086789142875222,0.3411622827061853,-0.06477134532461833
17.10684405970959,0.340159536864467,-0.06395877648215446
17.126898976543945,0.3391567910227493,-0.06320272544101044
17.146953893378306,0.3381540451810312,-0.062496494323174834
17.16700881021267,0.33715129933931287,-0.061834631198771604
17.187063727047025,0.3361485534975952,-0.061212628373129976
17.207118643881387,0.3351458076558771,-0.060626708631957626
17.22717356071575,0.334143061814159,-0.060073682092231594
17.24722847755011,0.3331403159724411,-0.05955082556865591
17.26728339438447,0.332137570130723,-0.05905576387527162
17.28733831121883,0.3311348242890051,-0.058586429911470075
17.30739322805319,0.330132078447287,-0.05814101062512464
17.32744814488755,0.32912933260556887,-0.05771790573570343
17.34750306172191,0.328126586763851,-0.05731569473266518
17.367557978556274,0.32712384092213287,-0.056933110210216
17.387612895390635,0.32612109508041476,-0.05656901736305144
17.407667812224993,0.32511834923869687,-0.05622240155269083
17.427722729059354,0.32411560339697876,-0.05589234886045006
17.447777645893716,0.32311285755526065,-0.05557803145948583
17.467832562728073,0.32211011171354276,-0.055278697282046776
17.48788747956243,0.32110736587182487,-0.054993661292583054
17.5079423963968,0.32010462003010653,-0.05472229807952317
17.527997313231158,0.31910187418838865,-0.05446403553989512
17.548052230065515,0.31809912834667076,-0.05421841930691699
17.56810714689988,0.3170963825049524,-0.05398486247364644
17.588162063734238,0.31609363666323453,-0.05376290431646794
17.608216980568596,0.31509089082151664,-0.053552138222817125
17.628271897402964,0.3140881449797983,-0.0533521902756479
17.648326814237322,0.3130853991380804,-0.05316271673280653
17.66838173107168,0.31208265329636253,-0.05298340188455541
17.688436647906045,0.3110799074546442,-0.05281395625455843
17.708491564740402,0.3100771616129263,-0.052654126023380744
17.72854648157476,0.3090744157712084,-0.05250367463780321
17.748601398409125,0.3080716699294903,-0.05236236732240968
17.768656315243486,0.3070689240877722,-0.052229989799227494
17.788711232077844,0.3060661782460543,-0.05210634768570344
17.808766148912206,0.3050634324043362,-0.051991266065451784
17.828821065746567,0.3040606865626181,-0.051884589318790406
17.848875982580925,0.3030579407209002,-0.051786133912942206
17.86893089941529,0.3020551948791821,-0.051695975175014154
17.88898581624965,0.301052449037464,-0.05161405455701015
17.90904073308401,0.3000497031957461,-0.05154028800572178
17.92909564991837,0.299046957354028,-0.051474613492409844
17.949150566752728,0.2980442115123101,-0.05141699215776953
17.96920548358709,0.297041465670592,-0.051367423039380355
17.989260400421454,0.29603871982887386,-0.051326401028638884
18.009315317255812,0.295035973987156,-0.051294120584484515
18.029370234090173,0.29403322814543786,-0.051270756195617655
18.049425150924534,0.29303048230371975,-0.05126195800962933
18.069480067758892,0.29202773646200186,-0.05126195800962933
18.089534984593254,0.29102499062028375,-0.05124012727853142
18.10958990142762,0.29002224477856564,-0.05116901320857096
18.129644818261976,0.28901949893684775,-0.051090100169251404
18.149699735096334,0.28801675309512986,-0.051008408623433754
18.1697546519307,0.28701400725341153,-0.050926235555923544
18.189809568765057,0.28601126141169364,-0.050843979483847765
18.209864485599415,0.28500851556997575,-0.05076144699710085
18.229919402433783,0.2840057697282574,-0.05067871781810709
18.24997431926814,0.28300302388653953,-0.05059652639374462
18.2700292361025,0.28200027804482164,-0.05051492094159585
18.290084152936863,0.2809975322031033,-0.05043394079172003
18.31013906977122,0.2799947863613854,-0.05035361993226843
18.33019398660558,0.27899204051966753,-0.050273863751242515
18.350248903439947,0.2779892946779492,-0.05019490390042165
18.370303820274305,0.2769865488362313,-0.05011688709530745
18.390358737108663,0.2759838029945134,-0.05003982896552543
18.410413653943024,0.2749810571527953,-0.049963747712361055
18.430468570777386,0.2739783113110772,-0.04988866406128182
18.450523487611743,0.2729755654693593,-0.04981460126424736
18.470578404446105,0.2719728196276412,-0.049741346781620455
18.49063332128047,0.2709700737859231,-0.049669195668905104
18.510688238114827,0.2699673279442052,-0.04959837689368214
18.53074315494919,0.2689645821024871,-0.04952890243032243
18.55079807178355,0.26796183626076897,-0.049460789351855966
18.570852988617908,0.2669590904190511,-0.049394059724668295
18.59090790545227,0.26595634457733297,-0.04932874060174981
18.610962822286627,0.2649535987356151,-0.04926486410663074
18.631017739120992,0.26395085289389697,-0.04920265783875266
18.651072655955353,0.26294810705217886,-0.04914198981814707
18.67112757278971,0.26194536121046097,-0.049082947705960576
18.691182489624072,0.26094261536874286,-0.04902564556304696
18.711237406458434,0.25993986952702475,-0.048970204899908366
18.73129232329279,0.25893712368530686,-0.04891675599404152
18.751347240127156,0.25793437784358875,-0.04886543938780051
18.771402156961518,0.25693163200187064,-0.04881637628735007
18.791457073795875,0.25592888616015275,-0.04876946301489852
18.811511990630237,0.25492614031843464,-0.048725336609716126
18.831566907464598,0.2539233944767165,-0.048684090431468124
18.851621824298956,0.25292064863499863,-0.048645835301542775
18.871676741133314,0.25191790279328075,-0.048610701995253296
18.891731657967682,0.2509151569515624,-0.04857884440185899
18.91178657480204,0.24991241110984452,-0.04855044354954316
18.931841491636398,0.24890966526812663,-0.048525773177443624
18.951896408470763,0.2479069194264083,-0.04850543904698952
18.97195132530512,0.2469041735846904,-0.048489957365372906
18.992006242139478,0.24590142774297252,-0.048479899649780694
19.012061158973847,0.2448986819012542,-0.04847594747038556
19.032116075808204,0.2438959360595363,-0.04847892563821688
19.052170992642562,0.2428931902178184,-0.04848984936053512
19.072225909476924,0.2418904443761003,-0.048506014007055
19.092280826311285,0.2408876985343822,-0.048525408293526195
19.112335743145643,0.2398849526926643,-0.04854808461646371
19.132390659980008,0.2388822068509462,-0.048573971158705265
19.15244557681437,0.23787946100922808,-0.04860299610108314
19.172500493648727,0.2368767151675102,-0.04863508762244692
19.192555410483088,0.23587396932579208,-0.04867017389964985
19.21261032731745,0.23487122348407397,-0.04870818310756022
19.232665244151807,0.23386847764235608,-0.0487490509954182
19.252720160986172,0.23286573180063797,-0.0487927505659809
19.27277507782053,0.23186298595892008,-0.04883926385292853
19.29282999465489,0.23086024011720196,-0.04888857284947562
19.312884911489252,0.22985749427548385,-0.04894065952885285
19.33293982832361,0.22885474843376596,-0.04899550584460485
19.35299474515797,0.22785200259204785,-0.04905309373091541
19.373049661992336,0.22684925675032974,-0.04911338036876714
19.393104578826694,0.22584651090861185,-0.04917577863621773
19.413159495661056,0.22484376506689374,-0.04924073075669412
19.433214412495417,0.22384101922517563,-0.04930817203481411
19.453269329329775,0.22283827338345774,-0.049378037768055945
19.473324246164136,0.22183552754173963,-0.04945026324714036
19.4933791629985,0.22083278170002152,-0.04952478375640567
19.51343407983286,0.21983003585830363,-0.04960153457418073
19.533488996667216,0.21882729001658574,-0.049680501964480754
19.55354391350158,0.2178245441748674,-0.04976186417602776
19.57359883033594,0.21682179833314952,-0.04984513964908956
19.593653747170297,0.21581905249143163,-0.049930331950101846
19.613708664004665,0.2148163066497133,-0.05001744464111425
19.633763580839023,0.2138135608079954,-0.05010648127974946
19.65381849767338,0.21281081496627752,-0.050197445419191807
19.673873414507746,0.21180806912455918,-0.050290340608162294
19.693928331342104,0.2108053232828413,-0.0503850654743269
19.71398324817646,0.2098025774411234,-0.05048128470796428
19.734038165010823,0.2087998315994053,-0.05057939606170521
19.754093081845188,0.20779708575768718,-0.05067931333776187
19.774147998679545,0.2067943399159693,-0.05078095034189119
19.794202915513903,0.2057915940742514,-0.05088422088290372
19.814257832348268,0.20478884823253307,-0.05098903877215435
19.834312749182626,0.20378610239081518,-0.0510953178230443
19.854367666016984,0.2027833565490973,-0.05120308585564999
19.874422582851352,0.20178061070737896,-0.05131241870799841
19.89447749968571,0.20077786486566107,-0.05142293516854579
19.914532416520068,0.19977511902394318,-0.05153462440222256
19.934587333354433,0.19877237318222485,-0.051647475571007816
19.95464225018879,0.19776962734050696,-0.05176147783398392
19.974697167023148,0.19676688149878907,-0.05187662034741834
19.99475208385751,0.19576413565707096,-0.051992892264818236
20.014807000691874,0.19476138981535285,-0.05211031613383057
20.034861917526232,0.19375864397363496,-0.05222884573634474
20.054916834360593,0.19275589813191685,-0.05234834389182652
20.074971751194955,0.19175315229019874,-0.05246876760820896
20.095026668029313,0.19075040644848085,-0.05259007389703357
20.115081584863674,0.18974766060676274,-0.052712219772961366
20.13513650169804,0.18874491476504462,-0.05283516225326821
20.155191418532397,0.18774216892332674,-0.05295885835733543
20.175246335366754,0.18673942308160885,-0.05308321592823404
20.195301252201116,0.18573667723989074,-0.053208148681953844
20.215356169035477,0.18473393139817262,-0.053333676810191265
20.235411085869835,0.18373118555645473,-0.053459757180194176
20.255466002704196,0.18272843971473662,-0.053586346658003096
20.27552091953856,0.1817256938730185,-0.05371340210846711
20.29557583637292,0.18072294803130062,-0.053840880395248404
20.31563075320728,0.1797202021895825,-0.05396873838079728
20.33568567004164,0.1787174563478644,-0.05409708655789018
20.355740586876,0.1777147105061465,-0.054227081933368025
20.37579550371036,0.1767119646644284,-0.05435893849365357
20.39585042054472,0.1757092188227105,-0.05449262061626087
20.415905337379083,0.1747064729809924,-0.054628092673310674
20.435960254213445,0.1737037271392743,-0.05476531903171008
20.456015171047802,0.1727009812975564,-0.054904264053338925
20.476070087882164,0.1716982354558383,-0.05504489209524309
20.496125004716525,0.17069548961412018,-0.05518717011679201
20.516179921550883,0.1696927437724023,-0.05533110071948159
20.536234838385248,0.16868999793068418,-0.05547666067998534
20.55628975521961,0.16768725208896607,-0.05562381441726757
20.576344672053967,0.16668450624724818,-0.05577252634938077
20.59639958888833,0.16568176040553007,-0.05592276089345205
20.61645450572269,0.16467901456381195,-0.05607448246568538
20.636509422557047,0.16367626872209406,-0.056227655481370674
20.656564339391405,0.16267352288037618,-0.056382244402593644
20.676619256225774,0.16167077703865784,-0.056538229706009135
20.69667417306013,0.16066803119693995,-0.05669559312607134
20.71672908989449,0.15966528535522206,-0.05685430554859295
20.736784006728854,0.15866253951350373,-0.057014337858636285
20.756838923563212,0.15765979367178584,-0.05717566094051108
20.77689384039757,0.15665704783006795,-0.057338245677779016
20.796948757231938,0.15565430198834962,-0.05750206295323551
20.817003674066296,0.15465155614663173,-0.0576670836489393
20.837058590900654,0.15364881030491384,-0.057833194722118154
20.857113507735015,0.15264606446319573,-0.058000453270251454
20.877168424569376,0.15164331862147762,-0.058168836891290994
20.897223341403734,0.15064057277975973,-0.05833830658104034
20.9172782582381,0.14963782693804162,-0.05850882332943684
20.93733317507246,0.1486350810963235,-0.05868034812094038
20.957388091906818,0.14763233525460562,-0.05885284193494499
20.97744300874118,0.1466295894128875,-0.05902626574620399
20.99749792557554,0.1456268435711694,-0.05920065156218016
21.0175528424099,0.1446240977294515,-0.05937594024626833
21.037607759244263,0.1436213518877334,-0.05955206979178229
21.057662676078625,0.14261860604601528,-0.0597290172708631
21.077717592912983,0.1416158602042974,-0.059906759749876526
21.097772509747344,0.14061311436257928,-0.06008527428978141
21.1178274265817,0.1396103685208614,-0.060264537946495694
21.137882343416063,0.13860762267914328,-0.06044452777124434
21.157937260250428,0.13760487683742517,-0.06062526458626735
21.177992177084786,0.13660213099570728,-0.06080670057760472
21.198047093919147,0.13559938515398917,-0.060988737950528955
21.21810201075351,0.13459663931227106,-0.06117135071199755
21.238156927587866,0.13359389347055317,-0.061354512867310404
21.258211844422227,0.13259114762883506,-0.06153819842020312
21.278266761256592,0.13158840178711695,-0.061722381373015195
21.29832167809095,0.13058565594539906,-0.0619070357268015
21.318376594925308,0.12958291010368117,-0.06209213549539754
21.338431511759673,0.12858016426196284,-0.06227765421471986
21.35848642859403,0.12757741842024495,-0.0624635630498733
21.37854134542839,0.12657467257852706,-0.06264983266582022
21.398596262262757,0.12557192673680873,-0.06283643372567439
21.418651179097115,0.12456918089509084,-0.06302333689098759
21.438706095931472,0.12356643505337295,-0.063210512822061
21.458761012765837,0.12256368921165461,-0.06339793217826127
21.478815929600195,0.12156094336993672,-0.06358556567097139
21.498870846434553,0.12055819752821884,-0.06377337484411555
21.518925763268914,0.11955545168650072,-0.06396131775924914
21.53898068010328,0.11855270584478261,-0.0641493683140925
21.559035596937637,0.11754996000306472,-0.0643375004055656
21.579090513771998,0.11654721416134661,-0.06452568793007231
21.59914543060636,0.1155444683196285,-0.06471390478376635
21.619200347440717,0.11454172247791061,-0.06490212486283099
21.63925526427508,0.1135389766361925,-0.0650903220637474
21.659310181109444,0.11253623079447439,-0.06527761151738559
21.6793650979438,0.1115334849527565,-0.06546231768464394
21.699420014778163,0.11053073911103839,-0.06564449278895836
21.719474931612524,0.10952799326932028,-0.06582423779560713
21.73952984844688,0.10852524742760239,-0.0660016536526382
21.759584765281243,0.10752250158588428,-0.06617684129142617
21.7796396821156,0.10651975574416639,-0.06634990162722261
21.799694598949966,0.10551700990244828,-0.06652093555971306
21.819749515784327,0.10451426406073017,-0.06669004397356047
21.839804432618685,0.10351151821901228,-0.06685732773895552
21.859859349453046,0.10250877237729417,-0.06702288771218264
21.879914266287408,0.10150602653557605,-0.06718682488078911
21.899969183121765,0.10050328069385817,-0.06734923380093732
21.92002409995613,0.09950053485214005,-0.06751020836552925
21.94007901679049,0.09849778901042194,-0.06766984944115166
21.96013393362485,0.09749504316870405,-0.06782825788171067
21.980188850459207,0.09649229732698617,-0.06798553452936858
22.000243767293572,0.09548955148526783,-0.06814178021543967
22.02029868412793,0.09448680564354994,-0.06829709576131564
22.040353600962288,0.09348405980183205,-0.06845158197938644
22.060408517796656,0.09248131396011372,-0.06860533967394304
22.080463434631014,0.09147856811839583,-0.06875846964209814
22.10051835146537,0.09047582227667794,-0.06891107267470488
22.120573268299736,0.08947307643495961,-0.06906324957066318
22.140628185134094,0.08847033059324172,-0.06921510082796886
22.160683101968452,0.08746758475152383,-0.06936672611879657
22.18073801880282,0.0864648389098055,-0.0695182250176913
22.20079293563718,0.08546209306808761,-0.06966969709825889
22.220847852471536,0.08445934722636972,-0.06982124193355048
22.240902769305897,0.08345660138465161,-0.06997295909639888
22.26095768614026,0.0824538555429335,-0.0701249481598029
22.281012602974616,0.08145110970121561,-0.07027730869726838
22.30106751980898,0.0804483638594975,-0.07043014028318793
22.321122436643343,0.07944561801777938,-0.07058354249318882
22.3411773534777,0.0784428721760615,-0.07073761490449669
22.361232270312062,0.07744012633434338,-0.07089250993767336
22.381287187146423,0.07643738049262527,-0.0710482863066477
22.40134210398078,0.07543463465090738,-0.07120502288297076
22.421397020815146,0.07443188880918927,-0.07136282159137182
22.441451937649504,0.07342914296747138,-0.07152178436453824
22.461506854483865,0.07242639712575327,-0.07168201314402267
22.481561771318226,0.07142365128403516,-0.07184360988119806
22.501616688152584,0.07042090544231727,-0.07200667653815572
22.521671604986945,0.06941815960059916,-0.0721713150886535
22.54172652182131,0.06841541375888105,-0.0723376275190276
22.561781438655668,0.06741266791716316,-0.07250571582911562
22.58183635549003,0.06640992207544505,-0.07267568203320025
22.60189127232439,0.06540717623372694,-0.07284762776652087
22.62194618915875,0.06440443039200905,-0.0730216531680162
22.64200110599311,0.06340168455029094,-0.07319785802985053
22.662056022827475,0.062398938708572826,-0.07337634216028846
22.682110939661833,0.06139619286685494,-0.07355720538442484
22.70216585649619,0.06039344702513705,-0.07374054754490772
22.722220773330555,0.059390701183418715,-0.07392646850266602
22.742275690164913,0.058387955341700826,-0.07411506813763935
22.76233060699927,0.057385209499982937,-0.07430644634950113
22.78238552383364,0.0563824636582646,-0.07450070305839518
22.802440440667997,0.055379717816546714,-0.07469793820566338
22.822495357502355,0.054376971974828825,-0.0748982288925049
22.84255027433672,0.05337422613311049,-0.07510165678188742
22.862605191171077,0.0523714802913926,-0.07530837441416224
22.882660108005435,0.05136873444967471,-0.07551848076717078
22.902715024839797,0.0503659886079566,-0.0757320748476377
22.92276994167416,0.04936324276623849,-0.0759492556922578
22.94282485850852,0.0483604969245206,-0.07617012236876917
22.962879775342877,0.04735775108280271,-0.07639477397705377
22.982934692177242,0.04635500524108438,-0.07662330965021283
23.0029896090116,0.04535225939936649,-0.07685582855565372
23.023044525845958,0.0443495135576486,-0.07709242989619725
23.043099442680326,0.04334676771593027,-0.07733321291114635
23.063154359514684,0.04234402187421238,-0.07757827696254253
23.08320927634904,0.04134127603249449,-0.0778277226114551
23.103264193183403,0.04033853019077638,-0.07808165129161808
23.123319110017764,0.03933578434905827,-0.07834016448651028
23.143374026852122,0.03833303850734038,-0.07860336371116546
23.163428943686483,0.03733029266562227,-0.07887135051275664
23.183483860520848,0.036327546823904155,-0.07914422647115316
23.203538777355206,0.035324800982186266,-0.07942209319947324
23.223593694189567,0.034322055140468155,-0.07970505234465917
23.24364861102393,0.033319309298750044,-0.07999320558803902
23.263703527858286,0.032316563457032155,-0.08028665464588584
23.283758444692648,0.031313817615314044,-0.08058550126999535
23.303813361527013,0.030311071773595932,-0.080889845534914
23.32386827836137,0.029308325931878043,-0.08119978005548546
23.343923195195732,0.028305580090159932,-0.08151540764403307
23.36397811203009,0.027302834248442043,-0.08183683142857717
23.38403302886445,0.02630008840672393,-0.08216415458164647
23.404087945698812,0.02529734256500582,-0.08249748032105117
23.42414286253317,0.02429459672328793,-0.08283691191064235
23.444197779367535,0.02329185088156982,-0.08318255266108053
23.464252696201896,0.02228910503985171,-0.0835345059306178
23.484307613036254,0.02128635919813382,-0.0838928751258527
23.504362529870615,0.02028361335641571,-0.08425776370251015
23.524417446704977,0.019280867514697597,-0.08462926705964492
23.544472363539334,0.018278121672979708,-0.08500771129309442
23.564527280373692,0.01727537583126182,-0.08539339427128653
23.58458219720806,0.016272629989543486,-0.08578645626775597
23.60463711404242,0.015269884147825596,-0.08618703777951169
23.624692030876776,0.014267138306107707,-0.08659545479373491
23.644746947711138,0.013264392464389596,-0.08701183934392474
23.6648018645455,0.012261646622671485,-0.08743632531356525
23.684856781379857,0.011258900780953596,-0.08786909491663891
23.70491169821422,0.010256154939235484,-0.08831037503138305
23.724966615048583,0.009253409097517373,-0.08876045569419148
23.74502153188294,0.008250663255799484,-0.0892194134901024
23.765076448717302,0.007247917414081373,-0.08968746835413186
23.785131365551663,0.006245171572363262,-0.09016484047850554
23.80518628238602,0.0052424257306453725,-0.09065160023569888
23.82524119922038,0.004239679888927483,-0.09114802477500461
23.845296116054747,0.00323693404720915,-0.0916543322491043
23.865351032889105,0.002234188205491261,-0.09217068865862076
23.885405949723463,0.0012314423637733718,-0.09269721856253682
23.905460866557828,0.00022869652205503854,-0.09323409064735187
23.925515783392186,-0.0007740493196628506,-0.09378163686324342
23.945570700226543,-0.0017767951613807398,-0.09433998225813867
23.965625617060912,-0.002779541003099073,-0.09490925214094886
23.98568053389527,-0.003782286844816962,-0.09548977332859977
24.005735450729627,-0.004785032686534851,-0.09608174748579586
24.02579036756399,-0.005787778528252963,-0.09668531640197443
24.04584528439835,-0.006790524369971074,-0.09730066853009248
24.065900201232708,-0.007793270211688963,-0.09792794704360631
24.085955118067073,-0.008796016053407074,-0.09856729274136114
24.106010034901434,-0.009798761895125185,-0.09921905180055546
24.126064951735792,-0.010801507736843075,-0.0998833928332624
24.146119868570153,-0.011804253578561186,-0.1005604848373946
24.166174785404515,-0.012806999420279297,-0.10125054237344784
24.186229702238872,-0.013809745261997186,-0.10195379440716579
24.206284619073237,-0.014812491103715297,-0.10267041177339933
24.226339535907595,-0.015815236945433186,-0.10340056837198745
24.246394452741956,-0.016817982787151298,-0.1041446150233719
24.266449369576318,-0.01782072862886941,-0.10490541657949506
24.286504286410675,-0.018823474470587298,-0.10568380796654538
24.306559203245037,-0.01982622031230541,-0.10647965322474648
24.3266141200794,-0.02082896615402352,-0.10729253747832446
24.34666903691376,-0.02183171199574141,-0.10812251560568939
24.36672395374812,-0.02283445783745952,-0.10896934401397858
24.386778870582482,-0.023837203679177632,-0.10983258815002955
24.40683378741684,-0.02483994952089552,-0.11071217863353923
24.4268887042512,-0.025842695362613632,-0.11160800412366144
24.446943621085566,-0.026845441204331744,-0.11251975283207913
24.466998537919924,-0.027848187046049633,-0.11344719940176447
24.48705345475428,-0.028850932887767522,-0.11439024282397896
24.507108371588647,-0.029853678729485855,-0.11534863158284679
24.527163288423004,-0.030856424571203744,-0.11632207697948843
24.547218205257362,-0.031859170412921634,-0.11731035653121354
24.56727312209173,-0.03286191625463997,-0.11831333974306517
24.58732803892609,-0.033864662096357856,-0.1193307830502431
24.607382955760446,-0.034867407938075745,-0.12036246068106493
24.62743787259481,-0.03587015377979408,-0.1214081759922533
24.64749278942917,-0.03687289962151197,-0.12246772915113298
24.667547706263527,-0.03787564546322986,-0.12354092469623766
24.687602623097888,-0.03887839130494797,-0.12462756989221362
24.707657539932253,-0.03988113714666608,-0.12572737460626512
24.72771245676661,-0.04088388298838397,-0.12684009373864
24.747767373600972,-0.04188662883010208,-0.12796562199289155
24.767822290435333,-0.04288937467182019,-0.12910329499610498
24.78787720726969,-0.04389212051353808,-0.13023694724215829
24.807932124104052,-0.04489486635525619,-0.13136120238842294
24.827987040938417,-0.0458976121969743,-0.13247993383979975
24.848041957772775,-0.04690035803869219,-0.13359726205329708
24.868096874607136,-0.0479031038804103,-0.13471699380773772
24.888151791441498,-0.048905849722128414,-0.13584298719021945
24.908206708275856,-0.0499085955638463,-0.13697907218444016
24.928261625110217,-0.050911341405564414,-0.1381292100103383
24.948316541944575,-0.0519140872472823,-0.1392972490059128
24.96837145877894,-0.052916833089000415,-0.1404873480831134
24.9884263756133,-0.053919578930718526,-0.14170339540531815
25.00848129244766,-0.054922324772436415,-0.14294938631372134
25.02853620928202,-0.055925070614154526,-0.14422952317268484
25.04859112611638,-0.05692781645587264,-0.1455477573322264
25.06864604295074,-0.05793056229759053,-0.1469084058758176
25.088700959785104,-0.05893330813930864,-0.14831571530213297
25.108755876619465,-0.05993605398102675,-0.14977408431256664
25.128810793453823,-0.06093879982274464,-0.15128797290352394
25.14886571028818,-0.06194154566446253,-0.1528618799586161
25.168920627122546,-0.06294429150618086,-0.15450031864989797
25.188975543956904,-0.06394703734789875,-0.1562084081230364
25.20903046079126,-0.06494978318961664,-0.15799077180687846
25.22908537762563,-0.06595252903133497,-0.15985169564686658
25.249140294459988,-0.06695527487305286,-0.16177581857579526
25.269195211294345,-0.06795802071477075,-0.16375468615754016
25.28925012812871,-0.06896076655648908,-0.1657873170177868
25.309305044963068,-0.06996351239820697,-0.16787260484784838
25.329359961797426,-0.07096625823992486,-0.170009622673756
25.34941487863179,-0.07196900408164297,-0.17219736678315486
25.369469795466152,-0.07297174992336108,-0.17443482723793977
25.38952471230051,-0.07397449576507897,-0.17672091739241752
25.40957962913487,-0.07497724160679708,-0.17905446671416939
25.429634545969233,-0.0759799874485152,-0.18143435793852178
25.44968946280359,-0.07698273329023309,-0.18385953193782142
25.469744379637955,-0.0779854791319512,-0.18632873930347615
25.489799296472317,-0.07898822497366931,-0.1888407536605382
25.509854213306674,-0.0799909708153872,-0.19139448595351952
25.529909130141036,-0.08099371665710531,-0.19398874327289833
25.549964046975397,-0.08199646249882342,-0.19662210704114158
25.570018963809755,-0.08299920834054131,-0.19929333198927907
25.59007388064412,-0.08400195418225942,-0.2020012474100963
25.610128797478477,-0.08500470002397731,-0.2047443937252524
25.63018371431284,-0.08600744586569542,-0.20752145066984895
25.6502386311472,-0.08701019170741353,-0.21033111657481868
25.670293547981558,-0.08801293754913142,-0.21317193679667754
25.69034846481592,-0.08901568339084953,-0.21604248370320647
25.710403381650277,-0.09001842923256742,-0.21894135428452502
25.730458298484642,-0.09102117507428553,-0.22186936420624534
25.750513215319003,-0.09202392091600364,-0.22483854709070783
25.77056813215336,-0.09302666675772153,-0.22785019140205579
25.790623048987722,-0.09402941259943964,-0.23090340625065892
25.81067796582208,-0.09503215844115753,-0.23399716307487098
25.83073288265644,-0.09603490428287564,-0.2371304942690995
25.850787799490806,-0.09703765012459376,-0.24030240236347256
25.870842716325164,-0.09804039596631164,-0.24351182990366624
25.890897633159526,-0.09904314180802976,-0.24675762665878892
25.910952549993887,-0.10004588764974787,-0.2500388584182588
25.931007466828245,-0.10104863349146576,-0.25335443014601194
25.951062383662606,-0.10205137933318387,-0.2567032148398107
25.97111730049697,-0.10305412517490198,-0.2600839552240313
25.99117221733133,-0.10405687101661987,-0.26349542722850855
26.01122713416569,-0.10505961685833798,-0.26693641234016924
26.03128205100005,-0.10606236270005609,-0.2704057210601832
26.05133696783441,-0.10706510854177398,-0.2739019736981982
26.071391884668767,-0.10806785438349187,-0.27742396471600844
26.091446801503135,-0.1090706002252102,-0.2809705168208893
26.111501718337493,-0.11007334606692809,-0.2845401025430306
26.13155663517185,-0.11107609190864598,-0.28813141378986074
26.151611552006216,-0.11207883775036431,-0.2917431340179292
26.171666468840574,-0.1130815835920822,-0.2953738243396197
26.19172138567493,-0.11408432943380009,-0.29902209302013943
26.2117763025093,-0.11508707527551842,-0.3026865737595108
26.231831219343658,-0.11608982111723631,-0.3063657269104351
26.251886136178015,-0.1170925669589542,-0.3100582222531466
26.271941053012377,-0.11809531280067231,-0.31376242209063776
26.291995969846738,-0.11909805864239043,-0.3174768455533763
26.312050886681096,-0.12010080448410831,-0.3212023084986004
26.332105803515457,-0.12110355032582643,-0.32498303885341784
26.352160720349822,-0.12210629616754454,-0.3288371236730086
26.37221563718418,-0.12310904200926243,-0.33275865129043497
26.39227055401854,-0.12411178785098054,-0.33672752732448774
26.412325470852902,-0.12511453369269865,-0.3407033462855725
26.43238038768726,-0.12611727953441654,-0.34462848800009627
26.45243530452162,-0.12712002537613465,-0.3484430156401936
26.47249022135598,-0.12812277121785254,-0.3521074608579261
26.492545138190344,-0.12912551705957065,-0.35561077844502964
26.512600055024706,-0.13012826290128876,-0.3589637966162945
26.532654971859063,-0.13113100874300665,-0.3621862693921548
26.552709888693425,-0.13213375458472476,-0.36529982769871366
26.572764805527786,-0.13313650042644287,-0.36835526932918355
26.592819722362144,-0.13413924626816076,-0.3714218738529007
26.61287463919651,-0.13514199210987887,-0.3744943654131976
26.63292955603087,-0.13614473795159698,-0.37756914607923137
26.652984472865228,-0.13714748379331487,-0.38064358318978747
26.67303938969959,-0.13815022963503298,-0.383716014984991
26.69309430653395,-0.1391529754767511,-0.3867845493708387
26.71314922336831,-0.14015572131846898,-0.38984772755918357
26.733204140202666,-0.14115846716018687,-0.3929029750195127
26.753259057037035,-0.1421612130019052,-0.39594770720740147
26.773313973871392,-0.1431639588436231,-0.39897688264236425
26.79336889070575,-0.14416670468534099,-0.40198277597648485
26.813423807540115,-0.14516945052705932,-0.40490575579997995
26.833478724374473,-0.1461721963687772,-0.40749113786160707
26.85353364120883,-0.1471749422104951,-0.40967938927713704
26.8735885580432,-0.14817768805221343,-0.4114498316954473
26.893643474877557,-0.14918043389393132,-0.4127853677005692
26.913698391711915,-0.1501831797356492,-0.4136734780120014
26.933753308546276,-0.15118592557736732,-0.41410661059813947
26.953808225380637,-0.15218867141908543,-0.4140789130068083
26.973863142214995,-0.15319141726080332,-0.41360380441215966
26.99391805904936,-0.15419416310252143,-0.4126764528906688
27.01397297588372,-0.15519690894423954,-0.41131179628054726
27.03402789271808,-0.15619965478595743,-0.4095236307024084
27.054082809552437,-0.15720240062767532,-0.4072843605380899
27.0741377263868,-0.15820514646939365,-0.40456949336338766
27.09419264322116,-0.15920789231111154,-0.40138191256025496
27.114247560055517,-0.16021063815282943,-0.39771592882020057
27.134302476889886,-0.16121338399454777,-0.3935557843620109
27.154357393724244,-0.16221612983626565,-0.38887354808820873
27.1744123105586,-0.16321887567798354,-0.38362255433220527
27.194467227392963,-0.16422162151970165,-0.37772929430515434
27.214522144227324,-0.16522436736141977,-0.37107431015853537
27.23457706106168,-0.16622711320313766,-0.363450237899026
27.254631977896047,-0.16722985904485577,-0.3544748538559134
27.274686894730408,-0.16823260488657388,-0.34379629244950366
27.294741811564766,-0.16923535072829177,-0.3313099224307757
27.314796728399127,-0.17023809657000988,-0.31739165244755896
27.33485164523349,-0.171240842411728,-0.303112638853529
27.354906562067846,-0.17224358825344588,-0.2897577618967921
27.37496147890221,-0.173246334095164,-0.2779861732817381
27.39501639573657,-0.17424907993688188,-0.2666675261983164
27.41507131257093,-0.1752518257786,-0.2554435480370262
27.43512622940529,-0.1762545716203181,-0.24440301437116432
27.45518114623965,-0.177257317462036,-0.23362628720808062
27.47523606307401,-0.1782600633037541,-0.22317854275148194
27.495290979908376,-0.1792628091454722,-0.21311048097083585
27.515345896742733,-0.1802655549871901,-0.20345792737593002
27.535400813577095,-0.1812683008289082,-0.19424339503965257
27.555455730411456,-0.18227104667062632,-0.18547732532177405
27.575510647245814,-0.1832737925123442,-0.17716129784748091
27.595565564080175,-0.18427653835406232,-0.16929016111338796
27.61562048091454,-0.18527928419578044,-0.16185229861697054
27.635675397748898,-0.18628203003749833,-0.1547323396662773
27.655730314583256,-0.18728477587921621,-0.14788944093723103
27.67578523141762,-0.18828752172093455,-0.1413880406556723
27.69584014825198,-0.18929026756265244,-0.13524931143204869
27.715895065086336,-0.19029301340437033,-0.12942301396860104
27.735949981920704,-0.19129575924608866,-0.12380450385403492
27.756004898755062,-0.19229850508780655,-0.11828813816871843
27.77605981558942,-0.19330125092952444,-0.11279771554784475
27.796114732423785,-0.19430399677124277,-0.10743968516626637
27.816169649258143,-0.19530674261296066,-0.10325607827957811
27.8362245660925,-0.19630948845467855,-0.09921598453173829
27.856279482926862,-0.19731223429639666,-0.09477781719893529
27.856279482926862,-0.19731223429639666,0.018110821805091746
