t,E,j
0.0,-1.047556418016919,-0.017607076396760703
0.20000000000000018,-1.057556418016919,-0.01761873047293967
0.40000000000000036,-1.067556418016919,-0.01768504657176754
0.6000000000000005,-1.077556418016919,-0.017809976904156075
0.8000000000000007,-1.087556418016919,-0.017997763823121512
1.0000000000000009,-1.097556418016919,-0.018252948523184258
1.200000000000001,-1.107556418016919,-0.018580374800527467
1.4000000000000012,-1.117556418016919,-0.018985185866859017
1.6000000000000014,-1.127556418016919,-0.019472811739764978
1.8000000000000016,-1.137556418016919,-0.020048944237432482
1.9999999999999973,-1.1475564180169189,-0.020719496134576812
2.1999999999999975,-1.1575564180169189,-0.021490540669554796
2.3999999999999977,-1.167556418016919,-0.02236822745022901
2.6000000000000023,-1.1775564180169191,-0.0233586710526178
2.799999999999998,-1.187556418016919,-0.02446780944502823
2.9999999999999982,-1.197556418016919,-0.025701231020479803
3.200000000000003,-1.2075564180169192,-0.027063971667992723
3.400000000000003,-1.2175564180169192,-0.028560287031808615
3.600000000000003,-1.2275564180169192,-0.030193409751307323
3.799999999999999,-1.237556418016919,-0.03196530657350264
4.0000000000000036,-1.2475564180169192,-0.03387645493419288
4.200000000000004,-1.2575564180169192,-0.03592566174115671
4.400000000000004,-1.2675564180169192,-0.038109947397701585
4.50852231860793,-1.2729825339473155,-0.03935007013245467
4.708522318607931,-1.2829825339473155,-0.041869975409706946
4.908522318607931,-1.2929825339473155,-0.04473952848702159
5.108522318607931,-1.3029825339473156,-0.04789368623600947
5.308522318607931,-1.3129825339473156,-0.05127648732143575
5.508522318607931,-1.3229825339473156,-0.05483757101911069
5.7085223186079315,-1.3329825339473156,-0.05852931123975977
5.908522318607932,-1.3429825339473156,-0.06230409282316922
6.108522318607932,-1.3529825339473156,-0.0661112567623939
6.308522318607932,-1.3629825339473156,-0.06989306163551753
6.508522318607932,-1.3729825339473156,-0.07357850563093243
6.708522318607932,-1.3829825339473156,-0.07707257040844599
6.9085223186079325,-1.3929825339473156,-0.08023489097920905
7.108522318607928,-1.4029825339473154,-0.08283020898894666
7.308522318607933,-1.4129825339473157,-0.08438299324848277
7.354422964087561,-1.415277566221297,-0.08449050091302411
7.5544229640875615,-1.425277566221297,-0.08436041629150456
7.754422964087562,-1.435277566221297,-0.08375459760665505
7.954422964087562,-1.445277566221297,-0.08283164714054309
8.154422964087562,-1.4552775662212971,-0.08169552726927966
8.354422964087561,-1.4652775662212971,-0.08042003858986331
8.554422964087562,-1.4752775662212971,-0.07906100978757684
8.754422964087562,-1.4852775662212971,-0.07766302432168509
8.954422964087563,-1.4952775662212971,-0.0762634470361377
9.154422964087562,-1.5052775662212972,-0.0748950115130364
9.354422964087563,-1.5152775662212972,-0.07358760006988982
9.554422964087559,-1.525277566221297,-0.07236955974942878
9.754422964087558,-1.535277566221297,-0.0712687563550236
9.95442296408756,-1.545277566221297,-0.07031349705371243
10.154422964087559,-1.555277566221297,-0.06953341688496263
10.35442296408756,-1.565277566221297,-0.0689604108905704
10.529868691114714,-1.5740498525726547,-0.06865596051866418
10.729868691114714,-1.5840498525726547,-0.06842726577395891
10.929868691114715,-1.5940498525726547,-0.06820361888020512
11.129868691114714,-1.6040498525726548,-0.06798565285962829
11.329868691114715,-1.6140498525726548,-0.06777404924442448
11.529868691114714,-1.6240498525726548,-0.06756953760596623
11.729868691114715,-1.6340498525726548,-0.06737289378645324
11.929868691114715,-1.6440498525726548,-0.06718493654363422
12.129868691114716,-1.6540498525726548,-0.0670065223208527
12.329868691114715,-1.6640498525726548,-0.06683853788199533
12.529868691114716,-1.6740498525726548,-0.06668189061188189
12.729868691114712,-1.6840498525726546,-0.06653749638379976
12.929868691114716,-1.6940498525726548,-0.06640626504042273
13.129868691114712,-1.7040498525726546,-0.06628908371969053
13.329868691114712,-1.7140498525726546,-0.06618679847286661
13.529868691114713,-1.7240498525726546,-0.06610019484829534
13.729868691114712,-1.7340498525726546,-0.06602997832315455
13.929868691114713,-1.7440498525726547,-0.06597675562311339
14.129868691114718,-1.7540498525726549,-0.06594101804291004
14.329868691114713,-1.7640498525726547,-0.06592312784385093
14.529868691114713,-1.7740498525726547,-0.0659233086466479
14.729868691114714,-1.7840498525726547,-0.06594164046949506
14.929868691114718,-1.794049852572655,-0.06597805971204662
15.129868691114714,-1.8040498525726547,-0.06603236400187697
15.329868691114719,-1.814049852572655,-0.06610422145346273
15.529868691114718,-1.824049852572655,-0.06619318358863845
15.729868691114719,-1.834049852572655,-0.06629870096581592
15.929868691114715,-1.8440498525726547,-0.06642014047764738
16.129868691114712,-1.8540498525726548,-0.0665568032982404
16.329868691114715,-1.8640498525726548,-0.06670794257101212
16.529868691114714,-1.8740498525726548,-0.06687278009751702
16.729868691114714,-1.8840498525726548,-0.06705052148502162
16.929868691114713,-1.8940498525726548,-0.06724036940893406
17.129868691114716,-1.9040498525726548,-0.06744153482518238
17.32986869111472,-1.914049852572655,-0.0676532461150783
17.382525900185648,-1.9166827130262014,-0.06771064617085472
17.582525900185647,-1.9266827130262014,-0.06799998408883304
17.782525900185647,-1.9366827130262014,-0.06842461072299387
17.982525900185646,-1.9466827130262014,-0.06897676776606679
18.18252590018565,-1.9566827130262014,-0.06964803073691266
18.382525900185648,-1.9666827130262015,-0.07042932511833835
18.582525900185647,-1.9766827130262015,-0.07131095104946959
18.782525900185647,-1.9866827130262015,-0.07228261682317769
18.98252590018565,-1.9966827130262015,-0.0733334812298298
19.182525900185645,-2.0066827130262013,-0.07445220455652478
19.382525900185648,-2.0166827130262015,-0.07562700780454595
19.582525900185644,-2.0266827130262013,-0.07684573943743307
19.78252590018565,-2.0366827130262015,-0.0780959487295895
19.982525900185646,-2.0466827130262013,-0.07936496456299681
20.18252590018565,-2.0566827130262015,-0.08063997832939837
20.382525900185644,-2.0666827130262013,-0.08190812944797157
20.58252590018565,-2.0766827130262016,-0.08315659191264578
20.782525900185647,-2.0866827130262013,-0.08437266024457424
20.98252590018565,-2.0966827130262016,-0.08554383324619444
21.182525900185645,-2.1066827130262014,-0.08665789403257831
21.38252590018565,-2.1166827130262016,-0.08770298494867129
21.582525900185647,-2.1266827130262014,-0.08866767615976691
21.78252590018565,-2.1366827130262016,-0.08954102691698923
21.982525900185646,-2.1466827130262014,-0.09031263873794132
22.182525900185652,-2.1566827130262016,-0.09097269999269311
22.382525900185648,-2.1666827130262014,-0.09151202163488321
22.582525900185644,-2.176682713026201,-0.09192206405595439
22.782525900185647,-2.1866827130262014,-0.09219495525820502
22.902082315782373,-2.1926605338060376,-0.09228958294997483
23.10208231578237,-2.2026605338060374,-0.09237738947998954
23.30208231578237,-2.2126605338060377,-0.09241418158928154
23.502082315782367,-2.2226605338060375,-0.0924030117713006
23.702082315782373,-2.2326605338060377,-0.09234691907788826
23.90208231578237,-2.2426605338060375,-0.09224893007489467
24.102082315782372,-2.2526605338060377,-0.09211205978734134
24.302082315782368,-2.2626605338060375,-0.09193931263497199
24.502082315782374,-2.2726605338060377,-0.09173368335901728
24.70208231578237,-2.2826605338060375,-0.09149815794098537
24.902082315782373,-2.2926605338060377,-0.09123571451427624
25.10208231578237,-2.3026605338060375,-0.0909493242694067
25.302082315782375,-2.3126605338060378,-0.09064195235362181
25.50208231578237,-2.3226605338060375,-0.09031655876566004
25.702082315782373,-2.3326605338060378,-0.08997609924643092
25.90208231578237,-2.3426605338060376,-0.08962352616635791
26.102082315782376,-2.352660533806038,-0.08926178941013371
26.30208231578237,-2.3626605338060376,-0.08889383725963104
26.502082315782374,-2.372660533806038,-0.0885226172757091
26.70208231578237,-2.3826605338060376,-0.08815107717965455
26.902082315782376,-2.392660533806038,-0.08778216573499494
27.102082315782372,-2.4026605338060376,-0.08741883363042371
27.302082315782375,-2.412660533806038,-0.08706403436457792
27.50208231578237,-2.4226605338060376,-0.08672072513341253
27.702082315782377,-2.432660533806038,-0.08639186772092021
27.902082315782373,-2.4426605338060376,-0.08608042939395123
28.102082315782376,-2.452660533806038,-0.08578938380189431
28.30208231578237,-2.4626605338060377,-0.08552171188198852
28.502082315782378,-2.472660533806038,-0.08528040277104504
28.702082315782373,-2.4826605338060377,-0.0850684547243692
28.902082315782376,-2.492660533806038,-0.0848888760426847
29.102082315782372,-2.5026605338060377,-0.08474468600787612
29.30208231578238,-2.512660533806038,-0.0846389158283808
29.502082315782374,-2.5226605338060377,-0.08457460959507734
29.702082315782377,-2.532660533806038,-0.08455482524853672
29.902082315782373,-2.5426605338060377,-0.0845826355585207
30.10208231578237,-2.5526605338060375,-0.08466112911663473
30.211574464763764,-2.558135141255107,-0.08472668629945929
30.41157446476376,-2.568135141255107,-0.08491755532892503
30.611574464763763,-2.5781351412551072,-0.08521143716927501
30.81157446476376,-2.588135141255107,-0.0855969025136038
31.011574464763765,-2.5981351412551072,-0.08606493251406233
31.21157446476376,-2.608135141255107,-0.08660831904960146
31.411574464763763,-2.6181351412551073,-0.08722125368415469
31.61157446476376,-2.628135141255107,-0.0878990395808363
31.811574464763765,-2.6381351412551073,-0.08863788669439508
32.01157446476376,-2.648135141255107,-0.08943476558728924
32.211574464763764,-2.6581351412551073,-0.09028730430274448
32.41157446476376,-2.668135141255107,-0.09119371852315604
32.61157446476376,-2.6781351412551073,-0.09215276919956779
32.81157446476376,-2.688135141255107,-0.09316374482749709
33.01157446476376,-2.6981351412551073,-0.09422646816228619
33.21157446476376,-2.708135141255107,-0.09534132992838976
33.41157446476377,-2.7181351412551074,-0.0965093555809817
33.61157446476376,-2.728135141255107,-0.09773231632918022
33.811574464763765,-2.7381351412551074,-0.09901290403855965
34.01157446476376,-2.748135141255107,-0.10035500447684864
34.21157446476376,-2.758135141255107,-0.10176413145404897
34.41157446476376,-2.768135141255107,-0.10324814149633821
34.611574464763756,-2.778135141255107,-0.10481847480358603
34.81157446476376,-2.788135141255107,-0.10649247729577663
35.01157446476377,-2.7981351412551074,-0.10829822717401173
35.211574464763764,-2.808135141255107,-0.1102862526662685
35.32671724156497,-2.8138922800951676,-0.11155100718890594
35.52671724156497,-2.8238922800951674,-0.11396228017424082
35.72671724156497,-2.8338922800951676,-0.11660295719264502
35.926717241564965,-2.8438922800951674,-0.11947818255541931
36.12671724156497,-2.8538922800951676,-0.1225936150194361
36.326717241564964,-2.8638922800951674,-0.12595551582706574
36.52671724156497,-2.8738922800951676,-0.12957085936903848
36.72671724156496,-2.8838922800951674,-0.1334474745381918
36.92671724156497,-2.8938922800951676,-0.13759422866521775
37.12671724156497,-2.9038922800951674,-0.14202127209723073
37.32671724156497,-2.9138922800951677,-0.1467403718350767
37.52671724156497,-2.9238922800951674,-0.15176538085316602
37.72671724156497,-2.9338922800951677,-0.15711292359155057
37.926717241564965,-2.9438922800951675,-0.16280344562206495
38.12671724156497,-2.9538922800951677,-0.16886292247357682
38.326717241564964,-2.9638922800951675,-0.17532588216039482
38.526717241564974,-2.9738922800951677,-0.18224143189105038
38.72671724156497,-2.9838922800951675,-0.18968782788406124
38.92671724156497,-2.9938922800951677,-0.19782467865028458
39.0189096956264,-2.998501902798239,-0.20194986597624962
39.21805466761566,-2.9885446541987757,-0.18138681388374614
39.41805466761566,-2.978544654198776,-0.16712673032883113
39.61805466761565,-2.968544654198776,-0.154850819969265
39.818054667615655,-2.958544654198776,-0.14402672484680004
40.01805466761565,-2.948544654198776,-0.13441277511454586
40.218054667615654,-2.938544654198776,-0.1258685609564348
40.41805466761565,-2.928544654198776,-0.11830166311491967
40.61805466761566,-2.918544654198776,-0.11164647437218772
40.818054667615655,-2.908544654198776,-0.10585402038656451
41.01805466761566,-2.898544654198776,-0.10088642679166578
41.024363289781505,-2.8982292230904836,-0.1007428049496798
41.2243632897815,-2.888229223090484,-0.09630876765844805
41.4243632897815,-2.8782292230904836,-0.0920931562060945
41.6243632897815,-2.868229223090484,-0.08810267511981412
41.8243632897815,-2.8582292230904836,-0.0843423613545853
42.0243632897815,-2.8482292230904838,-0.0808152220569025
42.2243632897815,-2.8382292230904835,-0.07752190676681239
42.424363289781496,-2.8282292230904837,-0.07446044623693736
42.624363289781506,-2.8182292230904835,-0.07162608959300824
42.8243632897815,-2.8082292230904837,-0.06901126604198848
43.024363289781505,-2.7982292230904835,-0.06660568667540809
43.2243632897815,-2.7882292230904837,-0.06439658735572046
43.4243632897815,-2.7782292230904835,-0.06236909766793821
43.6243632897815,-2.7682292230904837,-0.060506706562201557
43.8243632897815,-2.7582292230904835,-0.05879178544836165
44.0243632897815,-2.7482292230904837,-0.057206125868961934
44.22436328978151,-2.7382292230904834,-0.05573145164440606
44.4243632897815,-2.7282292230904837,-0.05434987326081748
44.624363289781506,-2.7182292230904834,-0.053044263061508196
44.8243632897815,-2.7082292230904836,-0.051798541147672746
45.024363289781505,-2.6982292230904834,-0.05059787188613282
45.2243632897815,-2.6882292230904836,-0.04942877842747911
45.4243632897815,-2.6782292230904834,-0.04827918730859944
45.6243632897815,-2.6682292230904836,-0.047138417296249
45.761036857517254,-2.661395544703696,-0.046359067182285114
45.96103685751725,-2.6513955447036963,-0.045257655832920254
46.16103685751725,-2.641395544703696,-0.04423194173044771
46.36103685751725,-2.6313955447036963,-0.04327473542078259
46.56103685751725,-2.621395544703696,-0.042379887946216825
46.76103685751725,-2.6113955447036963,-0.04154208825485156
46.96103685751725,-2.601395544703696,-0.04075670830484457
47.161036857517246,-2.5913955447036963,-0.04001968276781923
47.361036857517256,-2.581395544703696,-0.03932741427622224
47.56103685751725,-2.5713955447036962,-0.038676697824726644
47.761036857517254,-2.561395544703696,-0.03806465973311829
47.96103685751725,-2.5513955447036962,-0.03748870781414886
48.16103685751725,-2.541395544703696,-0.03694649025485954
48.36103685751725,-2.531395544703696,-0.036435861334678535
48.56103685751725,-2.521395544703696,-0.035954852546466694
48.76103685751725,-2.511395544703696,-0.03550164800930266
48.96103685751726,-2.501395544703696,-0.03507456329880879
49.16103685751725,-2.491395544703696,-0.034672026995742095
49.361036857517256,-2.481395544703696,-0.034292564382503436
49.56103685751725,-2.471395544703696,-0.033934782811162474
49.761036857517254,-2.461395544703696,-0.03359735833296895
49.96103685751725,-2.451395544703696,-0.03327902322286605
50.16103685751725,-2.441395544703696,-0.032978554055852254
50.36103685751725,-2.431395544703696,-0.03269475999586574
50.56103685751726,-2.421395544703696,-0.03242647094096128
50.761036857517254,-2.411395544703696,-0.032172525127393506
50.96103685751725,-2.4013955447036963,-0.031931755723240446
51.16103685751725,-2.391395544703696,-0.031702975828393536
51.361036857517256,-2.381395544703696,-0.0314849611242613
51.56103685751725,-2.371395544703696,-0.03127642915452239
51.76103685751725,-2.3613955447036963,-0.03107601382047472
51.96103685751725,-2.351395544703696,-0.03088223306201521
52.161036857517246,-2.3413955447036963,-0.03069344673259598
52.361036857517256,-2.331395544703696,-0.030507800123759494
52.56103685751725,-2.3213955447036962,-0.030323146011314903
52.761036857517254,-2.311395544703696,-0.030136933635768397
52.96103685751726,-2.301395544703696,-0.029946044991161616
53.16103685751725,-2.291395544703696,-0.029746543539764574
53.36103685751725,-2.281395544703696,-0.02953326965399743
53.56103685751725,-2.271395544703696,-0.02929914988479883
53.76103685751725,-2.261395544703696,-0.029033925666567085
53.81762935496052,-2.2585659198315327,-0.028951230438511857
54.01762935496052,-2.248565919831533,-0.02864420413005619
54.21762935496052,-2.2385659198315326,-0.02832148774795464
54.41762935496052,-2.228565919831533,-0.027982576069985794
54.61762935496052,-2.2185659198315326,-0.027626982969068497
54.817629354960516,-2.208565919831533,-0.027254253362110563
55.01762935496052,-2.1985659198315326,-0.02686397803836324
55.217629354960515,-2.188565919831533,-0.02645581180606626
55.417629354960525,-2.1785659198315326,-0.026029495366546748
55.61762935496052,-2.168565919831533,-0.025584881234568393
55.81762935496052,-2.1585659198315326,-0.025121963844602597
56.01762935496052,-2.1485659198315328,-0.024640913682438922
56.21762935496052,-2.1385659198315325,-0.02414211482795671
56.41762935496052,-2.1285659198315328,-0.02362620466487568
56.61762935496052,-2.1185659198315325,-0.02309411370762227
56.817629354960516,-2.1085659198315327,-0.022547102558717426
57.017629354960526,-2.0985659198315325,-0.021986792052909425
57.21762935496052,-2.0885659198315327,-0.02141518185872201
57.417629354960525,-2.0785659198315325,-0.02083465246251691
57.61762935496052,-2.0685659198315327,-0.020247945856846687
57.81762935496052,-2.0585659198315325,-0.01965812164107658
58.01762935496052,-2.0485659198315327,-0.019068487686362188
58.217629354960515,-2.038565919831533,-0.018482507792726057
58.41762935496052,-2.0285659198315327,-0.017903692312281304
58.61762935496053,-2.0185659198315324,-0.017335480730378546
58.81762935496052,-2.0085659198315327,-0.016781126883780112
59.01762935496052,-1.9985659198315326,-0.016243597341216748
59.217629354960515,-1.9885659198315326,-0.01572549147007604
59.41762935496052,-1.9785659198315324,-0.015228988376616435
59.61762935496051,-1.9685659198315326,-0.01475582207445131
59.817629354960516,-1.9585659198315324,-0.01430728276620719
60.01762935496051,-1.9485659198315326,-0.013884239629136506
60.21762935496053,-1.9385659198315321,-0.013487179219506304
60.28833228231569,-1.9350307734637742,-0.013353066364609277
60.48833228231569,-1.9250307734637742,-0.01297887115569897
60.688332282315685,-1.9150307734637741,-0.012605793157509542
60.88833228231568,-1.9050307734637741,-0.012233872650625807
61.088332282315676,-1.8950307734637741,-0.011863152227826872
61.28833228231567,-1.8850307734637741,-0.011493676967371268
61.48833228231567,-1.8750307734637741,-0.011125494620951415
61.68833228231566,-1.865030773463774,-0.010758655817389906
61.88833228231566,-1.855030773463774,-0.010393214283109497
62.088332282315655,-1.845030773463774,-0.010029227080305115
62.28833228231565,-1.835030773463774,-0.009666754863549456
62.488332282315646,-1.8250307734637743,-0.009305862155232564
62.68833228231565,-1.815030773463774,-0.008946617639710367
62.888332282315645,-1.8050307734637743,-0.008589094475234814
63.08833228231565,-1.795030773463774,-0.008233370621540488
63.28833228231564,-1.7850307734637743,-0.007879529179202892
63.48833228231564,-1.7750307734637742,-0.007527658734325742
63.688332282315635,-1.7650307734637742,-0.007177853698423428
63.88833228231563,-1.7550307734637742,-0.006830214628064343
64.08833228231562,-1.7450307734637742,-0.006484848501254647
64.28833228231562,-1.7350307734637742,-0.006141868916708579
64.48833228231561,-1.7250307734637742,-0.005801396166704819
64.68833228231563,-1.715030773463774,-0.005463557112235387
64.88833228231562,-1.7050307734637742,-0.005128484757891544
65.08833228231562,-1.6950307734637742,-0.0047963173796048645
65.28833228231562,-1.6850307734637742,-0.004467196995768018
65.48833228231561,-1.6750307734637742,-0.004141266884456841
65.68833228231561,-1.6650307734637741,-0.0038186677276366987
65.8883322823156,-1.6550307734637741,-0.00349953179708844
66.0883322823156,-1.6450307734637741,-0.0031839743765608563
66.28833228231561,-1.635030773463774,-0.0028720813363682153
66.4883322823156,-1.6250307734637741,-0.0025638914542495473
66.6883322823156,-1.615030773463774,-0.0022593717664970803
66.8883322823156,-1.605030773463774,-0.0019583840812488606
67.08833228231559,-1.595030773463774,-0.001660641097318738
67.2883322823156,-1.585030773463774,-0.0013656519001706035
67.48833228231558,-1.575030773463774,-0.0010726597796744343
67.68833228231559,-1.565030773463774,-0.0007805812005035473
67.88833228231557,-1.555030773463774,-0.00048796340660062443
68.08833228231558,-1.545030773463774,-0.00019298707220841927
68.28833228231557,-1.5350307734637743,0.00010645710088402095
68.48833228231558,-1.525030773463774,0.0004126023765359044
68.68833228231559,-1.5150307734637738,0.0007275683471332495
68.88833228231557,-1.505030773463774,0.0010531094135752528
69.08833228231558,-1.4950307734637742,0.0013904255239072904
69.28833228231558,-1.485030773463774,0.00174008891642647
69.48833228231557,-1.4750307734637742,0.002102090519550395
69.68833228231557,-1.4650307734637742,0.0024759664927214886
69.81463316055691,-1.4587157295517077,0.002717850350207982
70.01463316055691,-1.4487157295517077,0.003342120091537637
70.2146331605569,-1.4387157295517077,0.004420216574747735
70.4146331605569,-1.4287157295517077,0.005916337724533775
70.61463316055689,-1.4187157295517077,0.007790075148350251
70.8146331605569,-1.4087157295517077,0.009995581587248267
71.01463316055688,-1.3987157295517076,0.012480542173459485
71.21463316055689,-1.3887157295517076,0.01518489081023936
71.41463316055687,-1.3787157295517076,0.018039191237369967
71.61463316055688,-1.3687157295517078,0.020962570776957897
71.81463316055688,-1.3587157295517076,0.023860048042866247
72.01463316055687,-1.3487157295517078,0.026619025274597603
72.21463316055687,-1.3387157295517076,0.02910460657501487
72.41463316055687,-1.3287157295517078,0.03115322924508182
72.61463316055686,-1.3187157295517078,0.0325638096310588
72.72045769410698,-1.3134245028742022,0.03296886415020367
72.92045769410699,-1.3034245028742022,0.033435061694193094
73.12045769410697,-1.2934245028742022,0.0338435561928826
73.32045769410698,-1.2834245028742022,0.03421298275074877
73.52045769410697,-1.2734245028742022,0.03455501412077681
73.72045769410697,-1.2634245028742022,0.03487761012452194
73.92045769410696,-1.2534245028742022,0.035186556407218975
74.12045769410696,-1.2434245028742021,0.03548628015648917
74.32045769410695,-1.2334245028742024,0.03578032041066415
74.52045769410695,-1.2234245028742021,0.036071617920805946
74.72045769410695,-1.2134245028742021,0.03636270417462902
74.92045769410696,-1.203424502874202,0.03665583113749925
75.12045769410695,-1.1934245028742023,0.03695306486583042
75.32045769410695,-1.1834245028742023,0.0372563566681038
75.52045769410694,-1.1734245028742023,0.03756760036468144
75.72045769410694,-1.1634245028742023,0.037888681343710255
75.92045769410693,-1.1534245028742023,0.0382215215192094
76.12045769410693,-1.1434245028742023,0.03856812346589305
76.32045769410692,-1.1334245028742023,0.038930616685425086
76.52045769410692,-1.1234245028742023,0.03931130904656829
76.72045769410693,-1.113424502874202,0.03971274693131063
76.92045769410693,-1.103424502874202,0.040137788595126705
77.12045769410693,-1.093424502874202,0.0405896969105555
77.32045769410692,-1.0834245028742022,0.041072260386395075
77.52045769410692,-1.073424502874202,0.04158995583329325
77.72045769410693,-1.0634245028742022,0.04214817357489792
77.81314111382841,-1.0587903318881278,0.04242238949633702
78.01314111382841,-1.0487903318881278,0.04306548711373934
78.21314111382841,-1.0387903318881277,0.043781050291552125
78.4131411138284,-1.0287903318881277,0.04455611225252959
78.6131411138284,-1.0187903318881277,0.04537535615644282
78.8131411138284,-1.0087903318881277,0.046221461244160204
79.0131411138284,-0.9987903318881277,0.04707564870690755
79.21314111382839,-0.9887903318881277,0.04791839157642962
79.41314111382839,-0.9787903318881277,0.04873022004482023
79.61314111382838,-0.9687903318881278,0.04949253230581496
79.81314111382838,-0.9587903318881278,0.05018831860764083
80.01314111382837,-0.9487903318881278,0.05080272379320192
80.21314111382837,-0.9387903318881279,0.05132340536689509
80.41314111382836,-0.9287903318881279,0.05174068014990122
80.42452541221472,-0.9282211169688104,0.05176116349465474
80.62452541221471,-0.9182211169688104,0.0520756075911474
80.82452541221471,-0.9082211169688104,0.052306368035529696
81.0245254122147,-0.8982211169688104,0.05245555099502876
81.2245254122147,-0.8882211169688103,0.052526514066916725
81.42452541221469,-0.8782211169688103,0.05252401478904384
81.6245254122147,-0.8682211169688103,0.052454322409712636
81.82452541221468,-0.8582211169688103,0.05232527273069023
82.02452541221469,-0.8482211169688103,0.052146246309933385
82.22452541221467,-0.8382211169688104,0.05192805442469989
82.42452541221468,-0.8282211169688104,0.05168272540984853
82.62452541221467,-0.8182211169688104,0.05142319571801278
82.82452541221467,-0.8082211169688104,0.05116292346314246
83.02452541221466,-0.7982211169688104,0.05091545448130419
83.22452541221466,-0.7882211169688104,0.05069397903929383
83.42452541221465,-0.7782211169688104,0.05051091905338211
83.62452541221465,-0.7682211169688103,0.05037758054836024
83.82452541221464,-0.7582211169688103,0.05030389548654517
84.02452541221464,-0.7482211169688104,0.050298263769169155
84.22452541221463,-0.7382211169688103,0.05036749323411787
84.42452541221463,-0.7282211169688103,0.050516825273826636
84.62452541221462,-0.7182211169688103,0.050750027507811366
84.82452541221463,-0.7082211169688103,0.05106953278685885
84.92592027321483,-0.7031513739188,0.05126492596891126
85.12592027321483,-0.6931513739188,0.05166734001464196
85.32592027321482,-0.6831513739188,0.05206833171741143
85.52592027321482,-0.6731513739188,0.05247805136660233
85.72592027321481,-0.6631513739188,0.052904016142212615
85.92592027321481,-0.6531513739188,0.05335253620489272
86.1259202732148,-0.6431513739188,0.053829473475185095
86.3259202732148,-0.6331513739188,0.054340732433618436
86.5259202732148,-0.6231513739188,0.05489265299945838
86.7259202732148,-0.6131513739188,0.05549239917927078
86.92592027321479,-0.6031513739188,0.05614841730232455
87.12592027321479,-0.5931513739188,0.056871049368800136
87.32592027321478,-0.5831513739188,0.057673432032708444
87.52592027321478,-0.5731513739188001,0.05857291499763762
87.72592027321477,-0.5631513739188,0.059593466173786754
87.92592027321477,-0.5531513739188,0.06077010198156909
88.12592027321476,-0.5431513739188001,0.0621579655414464
88.32592027321476,-0.5331513739188,0.06385396085147044
88.35797867601383,-0.5315484537788464,0.06416538323202986
88.55797867601383,-0.5215484537788464,0.06638406722223944
88.75797867601382,-0.5115484537788464,0.06909349078424763
88.95797867601382,-0.5015484537788464,0.07231256886348315
89.15797867601381,-0.49154845377884643,0.07602635119065634
89.35797867601381,-0.4815484537788464,0.08016575441609285
89.5579786760138,-0.4715484537788464,0.08459311840647665
89.7579786760138,-0.4615484537788464,0.0891089500349662
89.9579786760138,-0.45154845377884645,0.09348824116882026
90.1579786760138,-0.44154845377884644,0.09753197390326172
90.35797867601379,-0.43154845377884643,0.10110452717295722
90.55797867601379,-0.4215484537788464,0.10414105944650472
90.75797867601378,-0.4115484537788464,0.10663253508758949
90.90432038587454,-0.4042313682858083,0.10812412334433248
91.10432038587454,-0.3942313682858083,0.10911935909894005
91.30432038587453,-0.3842313682858083,0.10934289081384442
91.50432038587454,-0.37423136828580833,0.1092268167441694
91.70432038587452,-0.3642313682858083,0.10889894866185076
91.90432038587453,-0.3542313682858083,0.10841299090363002
92.0780880141177,-0.3455429868736495,0.1078707538958281
92.2780880141177,-0.3355429868736495,0.10698152969353318
92.47808801411769,-0.32554298687364946,0.10609995222536003
92.67808801411769,-0.31554298687364946,0.10522657398368188
92.87808801411768,-0.3055429868736495,0.104361935878925
93.07808801411768,-0.2955429868736495,0.10350656813933813
93.27808801411767,-0.2855429868736495,0.10266099115486485
93.47808801411767,-0.2755429868736495,0.10182571627008277
93.67808801411766,-0.26554298687364947,0.1010012465306983
93.87808801411767,-0.2555429868736495,0.10018807738766539
94.07808801411765,-0.2455429868736495,0.09938669736262293
94.27808801411766,-0.2355429868736495,0.09859758867801083
94.47808801411765,-0.2255429868736495,0.09782122785492904
94.67808801411765,-0.21554298687364953,0.09705808628153753
94.87808801411764,-0.20554298687364947,0.09630863075455755
95.07808801411764,-0.19554298687364946,0.09557332399622316
95.27808801411763,-0.18554298687364945,0.09485262514884032
95.47808801411763,-0.1755429868736495,0.09414699024894137
95.67808801411762,-0.16554298687364943,0.09345687268286865
95.87808801411762,-0.15554298687364945,0.09278272362548419
96.07808801411761,-0.14554298687364947,0.09212499246357869
96.27808801411761,-0.1355429868736495,0.09148412720544193
96.4780880141176,-0.12554298687364945,0.09086057487795764
96.6780880141176,-0.11554298687364942,0.09025478191249618
96.8780880141176,-0.10554298687364938,0.0896671945207982
97.0780880141176,-0.09554298687364943,0.0890982590619708
97.27808801411759,-0.08554298687364953,0.0885484224016533
97.47808801411759,-0.07554298687364935,0.0880181322643524
97.67808801411758,-0.06554298687364929,0.0875078375798956
97.87808801411758,-0.055542986873649336,0.08701798882490618
98.07808801411757,-0.04554298687364938,0.0865490383601631
98.27808801411757,-0.035542986873649374,0.08610144076467463
98.47808801411756,-0.025542986873649365,0.08567565316726317
98.67808801411756,-0.015542986873649467,0.08527213557643283
98.87808801411755,-0.005542986873649458,0.08489135120926934
99.07808801411755,0.004457013126350606,0.08453376682010243
99.27808801411754,0.014457013126350615,0.08419985302964657
99.47808801411755,0.02445701312635068,0.08389008465532363
99.54068134077822,0.0275866794593842,0.08379817414567015
99.74068134077821,0.0375866794593842,0.08352665668331018
99.94068134077821,0.047586679459384204,0.08329004717855731
100.1406813407782,0.0575866794593842,0.08308599040277166
100.3406813407782,0.06758667945938421,0.08291235106144028
100.54068134077819,0.07758667945938422,0.08276718431220584
100.7406813407782,0.08758667945938423,0.0826487110387305
100.94068134077818,0.0975866794593842,0.0825552969628852
101.14068134077819,0.10758667945938417,0.08248543487851649
101.34068134077818,0.11758667945938421,0.08243772944159236
101.54068134077818,0.1275866794593842,0.08241088406707933
101.74068134077817,0.13758667945938424,0.08240368957182125
101.94068134077817,0.14758667945938422,0.08241501427169455
102.14068134077816,0.1575866794593842,0.08244379529527812
102.34068134077816,0.16758667945938413,0.08248903091876834
102.54068134077815,0.17758667945938417,0.08254977376053631
102.74068134077815,0.18758667945938423,0.08262512470053195
102.94068134077814,0.1975866794593842,0.08271422741117451
103.14068134077814,0.20758667945938417,0.08281626340355112
103.34068134077813,0.21758667945938429,0.08293044750652664
103.54068134077814,0.22758667945938424,0.08305602370740255
103.74068134077812,0.2375866794593842,0.0831922612915445
103.94068134077813,0.24758667945938428,0.08333845122530457
104.14068134077812,0.2575866794593843,0.08349390273188047
104.34068134077812,0.26758667945938425,0.08365794001368354
104.54068134077811,0.2775866794593842,0.08382989907747758
104.74068134077811,0.2875866794593843,0.0840091246200858
104.9406813407781,0.29758667945938433,0.08419496693288499
105.1406813407781,0.30758667945938434,0.0843867787826001
105.34068134077809,0.3175866794593843,0.08458391222401655
105.5406813407781,0.32758667945938436,0.08478571529702104
105.74068134077808,0.3375866794593844,0.08499152855567767
105.94068134077808,0.3475866794593845,0.08520068137057227
106.14068134077807,0.3575866794593844,0.08541248793704216
106.34068134077808,0.36758667945938445,0.085626242910634
106.54068134077806,0.37758667945938423,0.08584121657650866
106.74068134077807,0.38758667945938435,0.08605664944059045
106.94068134077806,0.3975866794593843,0.0862717461057576
107.14068134077806,0.40758667945938454,0.08648566826452538
107.34068134077805,0.4175866794593845,0.0866975265980518
107.54068134077805,0.4275866794593843,0.08690637131649313
107.74068134077804,0.43758667945938434,0.08711118100295506
107.94068134077804,0.4475866794593843,0.08731084932565736
108.14068134077803,0.4575866794593845,0.087504169050507
108.34068134077803,0.4675866794593845,0.08768981260441276
108.54068134077802,0.47758667945938443,0.08786630818647162
108.74068134077802,0.48758667945938444,0.08803201006625325
108.94068134077801,0.49758667945938434,0.08818506119398216
109.14068134077802,0.5075866794593845,0.08832334549419095
109.340681340778,0.5175866794593844,0.08844442608857604
109.54068134077801,0.5275866794593845,0.08854546397176305
109.740681340778,0.5375866794593845,0.08862310896055536
109.940681340778,0.5475866794593846,0.0886733503673395
110.14068134077799,0.5575866794593843,0.08869130754214034
110.34068134077799,0.5675866794593846,0.08867092772786724
110.54068134077798,0.5775866794593845,0.08860453556963903
110.74068134077798,0.5875866794593844,0.08848213425468746
110.88376995313669,0.5947411100773206,0.0883529052640256
110.98143348503129,0.5898579334825911,0.054884131158639694
111.0583745131062,0.5860108820788454,0.05193338598338869
111.25837451310619,0.5760108820788454,0.04641910981351778
111.4583745131062,0.5660108820788454,0.0419623155734814
111.65837451310618,0.5560108820788454,0.0382183968957505
111.85837451310618,0.5460108820788454,0.03501697387892744
112.05837451310617,0.5360108820788454,0.03225953098038722
112.25837451310618,0.5260108820788454,0.029883636711544054
112.45837451310616,0.5160108820788454,0.027847383452056645
112.65837451310617,0.5060108820788455,0.026121615467298975
112.85837451310616,0.49601088207884547,0.0246856544781511
113.05837451310616,0.48601088207884546,0.023524777388012112
113.15867532751497,0.48099584135840523,0.023042777097175532
113.35867532751496,0.4709958413584052,0.02215562221857235
113.55867532751496,0.4609958413584052,0.02128522591055543
113.75867532751495,0.45099584135840526,0.020431773959255436
113.95867532751495,0.44099584135840525,0.019595449133655657
114.15867532751494,0.43099584135840524,0.01877643059650894
114.35867532751494,0.42099584135840523,0.017974893265356038
114.55867532751493,0.4109958413584052,0.017191007120622093
114.75867532751494,0.4009958413584052,0.016424936457721785
114.95867532751492,0.3909958413584053,0.015676839080083337
115.15867532751493,0.38099584135840525,0.01494686543001321
115.35867532751492,0.3709958413584052,0.01423515765437313
115.55867532751492,0.3609958413584053,0.013541848602135982
115.75867532751491,0.35099584135840517,0.01286706075103632
115.95867532751491,0.34099584135840527,0.012210905060742419
116.1586753275149,0.3309958413584052,0.011573479750259987
116.3586753275149,0.3209958413584052,0.010954868997644656
116.55867532751489,0.31099584135840525,0.010355141560559588
116.7586753275149,0.3009958413584052,0.009774349316781103
116.95867532751488,0.2909958413584053,0.009212525724438229
117.15867532751489,0.28099584135840516,0.008669684202585539
117.35867532751487,0.27099584135840515,0.008145816433664233
117.55867532751488,0.2609958413584052,0.007640890590514465
117.75867532751487,0.25099584135840525,0.007154849491874373
117.95867532751487,0.24099584135840502,0.006687608691744431
118.15867532751486,0.23099584135840534,0.006239054509617079
118.35867532751486,0.22099584135840517,0.005809042010371943
118.55867532751485,0.2109958413584052,0.005397392944615851
118.75867532751485,0.20099584135840526,0.005003893662393819
118.95867532751484,0.19099584135840514,0.004628293015501601
119.15867532751484,0.18099584135840519,0.004270300266066085
119.35867532751483,0.17099584135840518,0.003929583021598018
119.55867532751483,0.16099584135840517,0.003605765219319741
119.75867532751482,0.150995841358405,0.0032984251851756663
119.95867532751483,0.14099584135840532,0.0030070937954817765
120.15867532751481,0.13099584135840525,0.0027312527715847735
120.35867532751482,0.12099584135840535,0.0024703331400948514
120.55867532751482,0.11099584135840501,0.0022237138931277345
120.75867532751482,0.10099584135840484,0.0019907208844358636
120.95867532751481,0.09099584135840516,0.0017706259982087724
121.15867532751483,0.08099584135840476,0.0015626466275635532
121.35867532751483,0.07099584135840536,0.0013659454992118291
121.55867532751483,0.06099584135840508,0.0011796308793718647
121.75867532751484,0.05099584135840557,0.001002757193601327
121.95867532751485,0.04099584135840523,0.0008343260897822757
122.15867532751484,0.030995841358405107,0.0006732879689546012
122.35867532751485,0.0209958413584051,0.0005185440030543597
122.55867532751485,0.010995841358404645,0.0003689486519061624
122.75867532751485,0.0009958413584052472,0.00022331268412063122
122.95867532751484,-0.009004158641594873,8.040669799093792e-05
123.15867532751486,-0.019004158641595104,-6.103487075340919e-05
123.35867532751486,-0.02900415864159478,-0.00020230927716329285
123.55867532751485,-0.0390041586415949,-0.0003447405639484691
123.75867532751485,-0.049004158641594575,-0.0004896742694445466
123.95867532751485,-0.05900415864159525,-0.0006384717983763766
124.15867532751486,-0.06900415864159493,-0.0007925045156158461
124.35867532751485,-0.07900415864159493,-0.0009531476305101805
124.55867532751485,-0.08900415864159483,-0.001121773945321074
124.75867532751487,-0.09900415864159506,-0.0012997475456160545
124.95867532751485,-0.10900415864159507,-0.0014884175128940136
125.15867532751486,-0.11900415864159519,-0.0016891117401862132
125.35867532751485,-0.1290041586415951,-0.00190313092980825
125.55867532751485,-0.13900415864159488,-0.0021317428488895375
125.75867532751484,-0.1490041586415951,-0.00237617691289544
125.95867532751484,-0.15900415864159534,-0.0026376191602835684
126.15867532751483,-0.16900415864159513,-0.0029172076729592922
126.35867532751483,-0.1790041586415948,-0.0032160284876306157
126.55867532751482,-0.1890041586415946,-0.0035351120328502585
126.75867532751482,-0.1990041586415946,-0.003875430115833467
126.95867532751483,-0.20900415864159494,-0.00423789347240513
127.15867532751483,-0.21900415864159484,-0.004623349882993071
127.26839128350551,-0.22448995644112912,-0.004844855366285401
127.46839128350551,-0.23448995644112913,-0.005298986920986181
127.6683912835055,-0.2444899564411291,-0.0058378189888042145
127.8683912835055,-0.2544899564411291,-0.006456970426850949
128.0683912835055,-0.2644899564411291,-0.007151830957835038
128.26839128350548,-0.2744899564411291,-0.00791756798853694
128.46839128350547,-0.2844899564411291,-0.008749135042232214
128.66839128350549,-0.29448995644112913,-0.00964128181262648
128.86839128350547,-0.3044899564411291,-0.010588565825451294
129.06839128350546,-0.31448995644112915,-0.011585365671259087
129.26839128350545,-0.3244899564411291,-0.012625895749608039
129.46839128350547,-0.33448995644112905,-0.013704222441264537
129.66839128350546,-0.3444899564411291,-0.01481428160183662
129.86839128350545,-0.35448995644112913,-0.015949897247977702
130.06839128350543,-0.36448995644112914,-0.01710480128656258
130.26839128350545,-0.37448995644112915,-0.01827265411861489
130.46839128350544,-0.38448995644112904,-0.019447065933796012
130.66839128350543,-0.39448995644112916,-0.02062161849842286
130.86839128350542,-0.40448995644112906,-0.021789887230656328
131.06839128350543,-0.41448995644112907,-0.022945463350981944
131.26839128350542,-0.4244899564411292,-0.024081975894561448
131.4683912835054,-0.43448995644112914,-0.025193113374520123
131.6683912835054,-0.4444899564411292,-0.026272644891673747
131.86839128350542,-0.4544899564411292,-0.027314440496393432
132.0683912835054,-0.4644899564411292,-0.028312490621948034
132.2683912835054,-0.4744899564411292,-0.029260924425340732
132.46839128350538,-0.4844899564411292,-0.030154026890881452
132.6683912835054,-0.4944899564411292,-0.030986254572959036
132.8683912835054,-0.5044899564411293,-0.03175224987711122
133.06839128350538,-0.5144899564411293,-0.03244685380193742
133.26839128350537,-0.5244899564411292,-0.033065117088068766
133.46839128350538,-0.5344899564411292,-0.03360230974374256
133.66839128350537,-0.5444899564411292,-0.03405392893901217
133.86839128350536,-0.5544899564411292,-0.03441570528180931
134.06839128350535,-0.5644899564411292,-0.03468360750858551
134.26839128350537,-0.5744899564411292,-0.034853845639797924
134.27831239592118,-0.5749860120619203,-0.03485968377984591
134.4783123959212,-0.5849860120619204,-0.03492328422070964
134.67831239592118,-0.5949860120619204,-0.03486958165349884
134.87831239592117,-0.6049860120619204,-0.034675666240995134
135.07831239592116,-0.6149860120619204,-0.03431934494704308
135.27831239592118,-0.6249860120619203,-0.03378622897893723
135.47831239592117,-0.6349860120619204,-0.033080293090207095
135.67831239592115,-0.6449860120619203,-0.03223202412909742
135.87831239592114,-0.6549860120619203,-0.031294611441087056
136.07831239592116,-0.6649860120619203,-0.03032722556541385
136.27831239592115,-0.6749860120619204,-0.02937792894407564
136.47831239592114,-0.6849860120619202,-0.02847693829230786
136.67831239592113,-0.6949860120619202,-0.027638972444902293
136.87831239592114,-0.7049860120619201,-0.026868559951652153
137.07831239592113,-0.7149860120619203,-0.026164591798378038
137.27831239592112,-0.7249860120619205,-0.025523267898584272
137.4783123959211,-0.7349860120619206,-0.024939756825101786
137.67831239592113,-0.74498601206192,-0.024409051109513698
137.87831239592114,-0.7549860120619204,-0.02392637203433758
138.0783123959211,-0.7649860120619195,-0.023487336998498934
138.27831239592115,-0.774986012061921,-0.02308800735119907
138.4783123959211,-0.7849860120619201,-0.022724879207205895
138.67831239592113,-0.7949860120619201,-0.022394849507702885
138.87670844568808,-0.8049058145502688,-0.02209746274936947
139.07670844568807,-0.8149058145502688,-0.021864059780357662
139.2767084456881,-0.8249058145502688,-0.021717888985432126
139.47670844568808,-0.8349058145502688,-0.021637855816061095
139.67670844568806,-0.8449058145502688,-0.021607085771515742
139.87670844568805,-0.8549058145502688,-0.02161137535092797
140.07670844568807,-0.8649058145502688,-0.02163814945259939
140.27670844568806,-0.8749058145502687,-0.021675684943409185
140.47670844568805,-0.8849058145502688,-0.021712455939619953
140.67670844568804,-0.8949058145502687,-0.021736494645167182
140.87670844568805,-0.9049058145502688,-0.021734664310261755
141.07670844568804,-0.9149058145502688,-0.021691708778852296
141.22083123520432,-0.9221119540260823,-0.02162490104247695
141.4208312352043,-0.9321119540260823,-0.02142417494257536
141.6208312352043,-0.9421119540260823,-0.020970348263164768
141.82083123520428,-0.9521119540260823,-0.02017312993271369
142.0208312352043,-0.9621119540260823,-0.01936502436819824
142.2208312352043,-0.9721119540260822,-0.018798200475634276
142.42083123520428,-0.9821119540260822,-0.018413094653536716
142.62083123520426,-0.9921119540260823,-0.018143372808100265
142.82083123520428,-1.0021119540260823,-0.01795098139878918
143.02083123520427,-1.0121119540260821,-0.017813824313321628
143.2208312352043,-1.0221119540260828,-0.01771818017602295
143.42083123520425,-1.032111954026082,-0.017654983549005927
143.62083123520426,-1.0421119540260826,-0.01761793360212057
143.72972051502097,-1.0475564180169172,-0.01760707639676184
143.729720515021,-1.047556418016919,-0.017607076396760703
