{
    "profile": "tabular-data-package",
    "resources": [
        {
            "path": "data/dd.csv",
            "profile": "tabular-data-resource",
            "name": "dd",
            "format": "csv",
            "mediatype": "text/csv",
            "encoding": "utf-8",
            "schema": {
                "fields": [
                    {
                        "name": "potential",
                        "type": "number",
                        "format": "default"
                    },
                    {
                        "name": "current",
                        "type": "number",
                        "format": "default"
                    }
                ],
                "missingValues": [
                    ""
                ]
            }
        }
    ]
}